State,LGA,Ward,PU-Code,PU-Name,Accredited_Voters,Registered_Voters,Results_Found,Transcription_Count,Result_Sheet_Stamped,Result_Sheet_Corrected,Result_Sheet_Invalid,Result_Sheet_Unclear,Result_Sheet_Unsigned,APC,LP,PDP,NNPP,Results_File,Latitude,Longitude,APC_Outlier,LP_Outlier,PDP_Outlier,NNPP_Outlier
YOBE,BADE,GWIO-KURA,35-01-02-003,"GWIO DINA ,PRI. SCH.",222,777,True,-1,True,False,False,False,UNKNOWN,17,0,18,0,https://docs.inecelectionresults.net/elections_prod/1292/state/1/lga/3846/ward/26010/pu/116856/116856-1677683707.pdf,12.62927,11.12102,32.0,0.0,38.0,2.0
YOBE,BADE,LAWAN FANNAMI,35-01-05-001,"ARI KULOLA, ARI KULOLA GATE",184,750,True,-1,True,False,False,False,UNKNOWN,48,0,115,13,https://docs.inecelectionresults.net/elections_prod/1292/state/1/lga/3846/ward/26013/pu/116877/116877-1677776676.pdf,12.89425,11.03004,30.67,0.67,79.0,11.17
YOBE,BADE,LAWAN FANNAMI,35-01-05-005,TSANGAYA I OPEN SPACE,320,1358,True,-1,True,False,False,False,UNKNOWN,73,0,221,22,https://docs.inecelectionresults.net/elections_prod/1292/state/1/lga/3846/ward/26013/pu/116881/116881-1677771029.pdf,12.89425,11.03004,51.5,0.67,141.67,15.67
YOBE,BADE,SARKIN HAUSAWA,35-01-07-002,TALBARI L.E.A.,581,1935,True,-1,False,False,False,False,UNKNOWN,36,0,192,36,https://docs.inecelectionresults.net/elections_prod/1292/state/1/lga/3846/ward/26015/pu/116893/116893-1677491607.pdf,12.83656,11.04662,24.67,0.67,117.5,27.33
YOBE,BADE,TAGALI/SUGUM,35-01-08-007,MADAMUWA BULAMA GATE,193,572,True,-1,True,False,False,False,UNKNOWN,119,0,43,19,https://docs.inecelectionresults.net/elections_prod/1292/state/01/lga/01/ward/08/pu/007/007-1677413717.pdf,11.83004,11.025,81.5,0.2,56.3,11.6
YOBE,BADE,TAGALI/SUGUM,35-01-08-008,MADAMUWA BULAMA GATE,193,572,True,-1,True,False,False,False,UNKNOWN,225,0,65,10,https://docs.inecelectionresults.net/elections_prod/1292/state/01/lga/01/ward/08/pu/007/007-1677413717.pdf,11.83004,11.025,176.9,0.2,45.3,6.1
YOBE,BADE,USUR/DAWAYO,35-01-09-008,AZAM KURA B. GATE II,168,807,True,-1,True,True,False,False,UNKNOWN,52,0,52,62,https://docs.inecelectionresults.net/elections_prod/1292/state/1/lga/3846/ward/26017/pu/116914/116914-1677770069.pdf,12.85565,10.89342,41.0,0.5,43.5,52.0
YOBE,BADE,ZANGON MUSA/ZANGO UMARU,35-01-10-006,NOMAU NA INNA,223,977,True,-1,False,True,False,False,UNKNOWN,67,0,140,10,https://docs.inecelectionresults.net/elections_prod/1292/116922-1677856330.pdf,11.83004,11.025,49.1,0.2,61.0,6.1
YOBE,BURSARI,DAMNAWA/JULURI,35-02-02-005,JULURI II. PRI SCHOOL,58,393,True,-1,True,False,False,False,UNKNOWN,32,0,19,2,https://inec-cvr-cache.s3.eu-west-1.amazonaws.com/cached/results/115839/result_62016_1677609804_thumb.jpg,12.71578,11.41272,15.25,0.0,50.0,1.25
YOBE,BURSARI,KALIYARI,35-02-08-009,"TUNGA, DANDALI MAIGARI",116,579,True,-1,True,False,False,False,UNKNOWN,50,0,47,4,https://inec-cvr-cache.s3.eu-west-1.amazonaws.com/cached/results/115897/result_62099_1677614285_thumb.jpg,12.71578,11.41272,19.25,0.0,29.0,1.25
YOBE,BURSARI,MASABA,35-02-10-003,"DASKUM, PRI. SCH.",87,432,True,-1,False,True,False,False,UNKNOWN,33,0,48,2,https://inec-cvr-cache.s3.eu-west-1.amazonaws.com/cached/results/115909/result_62115_1677606107_thumb.jpg,12.71578,11.41272,15.0,0.0,28.75,1.25
YOBE,BURSARI,MASABA,35-02-10-008,GIRWAN PRI SCHOOL,127,462,True,-1,True,False,False,False,UNKNOWN,25,0,92,4,https://inec-cvr-cache.s3.eu-west-1.amazonaws.com/cached/results/115914/result_62120_1677607103_thumb.jpg,12.71578,11.41272,20.5,0.0,41.25,1.25
YOBE,BURSARI,MASABA,35-02-10-010,"MASABA, DISPENSARY",163,542,True,-1,True,False,False,False,UNKNOWN,67,0,89,3,https://inec-cvr-cache.s3.eu-west-1.amazonaws.com/cached/results/115916/result_62122_1677605610_thumb.jpg,12.71578,11.41272,32.0,0.0,39.0,1.0
YOBE,DAMATURU,KUKARETA/WARSALA,35-03-06-005,GONI USMAN GATE,38,492,True,-1,True,False,False,False,UNKNOWN,23,0,9,0,https://docs.inecelectionresults.net/elections_prod/1292/state/01/lga/03/ward/06/pu/005/005-1677422557.pdf,11.89572,12.18015,,,,
YOBE,FIKA,MUBI / FUSAMI / GARIN WAYO,35-04-06-004,"GARIN WAYO, PRI. SCH.",403,906,True,-1,True,False,False,False,UNKNOWN,104,0,296,0,https://inec-cvr-cache.s3.eu-west-1.amazonaws.com/cached/results/116072/result_62480_1677579683_thumb.jpg,11.28674,11.30772,82.0,0.0,237.67,0.0
YOBE,FUNE,ABAKIRE / NGENLSHENGELE / SHAMKA,35-05-01-008,LAMIDO GOMBE K/BULAMA,104,332,True,-1,True,False,False,False,UNKNOWN,52,0,45,1,https://inec-cvr-cache.s3.eu-west-1.amazonaws.com/cached/results/116109/result_62556_1677929838_thumb.jpg,11.85212,11.44862,41.0,0.17,76.83,1.5
YOBE,FUNE,BORNO KIJI/NGARHO/BEBBENDE,35-05-03-003,"BINDIGI  , PRI. SCH.",234,750,True,-1,True,True,False,False,UNKNOWN,107,0,96,0,https://docs.inecelectionresults.net/elections_prod/1292/state/1/lga/3850/ward/26052/pu/117224/117224-1677585020.pdf,11.85212,11.44862,54.83,0.17,68.33,1.67
YOBE,FUNE,DAMAGUM TOWN,35-05-04-003,"ANGUWAR DUTSI, MARKET STALL STORE",281,750,True,-1,True,True,False,False,UNKNOWN,46,1,215,6,https://docs.inecelectionresults.net/elections_prod/1292/state/1/lga/3850/ward/26053/pu/117234/117234-1677510296.pdf,11.85212,11.44862,42.0,1.0,134.83,5.33
YOBE,FUNE,DAMAGUM TOWN,35-05-04-009,"DAMAGUM , CENTRAL PRI. SCH. II",218,750,True,-1,True,False,False,False,UNKNOWN,32,0,170,2,https://docs.inecelectionresults.net/elections_prod/1292/state/01/lga/05/ward/04/pu/009/009-1677420969.pdf,11.85212,11.44862,49.67,0.17,97.33,2.0
YOBE,FUNE,FUNE/NGELZARMA/MILBIYAR/LAWAN KALAM,35-05-07-006,FUNE PRIMARY SCHOOL,301,959,True,-1,True,False,False,False,UNKNOWN,158,0,120,1,https://docs.inecelectionresults.net/elections_prod/1292/state/01/lga/05/ward/07/pu/006/006-1677374878.pdf,11.85212,11.44862,97.33,0.17,72.33,1.5
YOBE,FUNE,GABA TASHA/AIGADA/DUMBULWA,35-05-08-007,JORINGEL ZOTO KOFAR BULAMA,300,873,True,-1,True,False,False,False,UNKNOWN,93,0,37,0,https://docs.inecelectionresults.net/elections_prod/1292/state/1/lga/3850/ward/26057/pu/117287/117287-1677594838.pdf,11.85212,11.44862,47.83,0.17,80.83,1.67
YOBE,FUNE,GUDUGURKA/MARMAR  I,35-05-09-010,RIGIM KOFAR BULAMA B,53,312,True,-1,True,False,False,False,UNKNOWN,34,0,13,0,https://inec-cvr-cache.s3.eu-west-1.amazonaws.com/cached/results/116199/result_62700_1677843525_thumb.jpg,11.85212,11.44862,48.0,0.17,100.83,1.67
YOBE,FUNE,KAYERI,35-05-11-001,ANG MODU HEALTH CENTRE,178,750,True,-1,True,True,False,False,UNKNOWN,54,2,104,2,https://docs.inecelectionresults.net/elections_prod/1292/state/1/lga/3850/ward/26060/pu/117316/117316-1677578678.pdf,12.0298806,11.1121994,60.0,2.0,42.0,3.0
YOBE,FUNE,KAYERI,35-05-11-011,JAURO KUKA KOFAR BULAMA,192,699,True,-1,True,False,False,False,UNKNOWN,114,0,62,5,https://inec-cvr-cache.s3.eu-west-1.amazonaws.com/cached/results/116226/result_62737_1677848581_thumb.jpg,12.0298806,11.1121994,60.0,2.0,42.0,3.0
YOBE,FUNE,MASHIO,35-05-13-013,JAURO BIRAU KOFAR BULAMA,108,404,True,-1,True,False,False,False,UNKNOWN,48,0,52,0,https://docs.inecelectionresults.net/elections_prod/1292/state/01/lga/05/ward/13/pu/013/013-1677392970.pdf,11.8259768,11.6079687,11.0,0.0,25.0,0.0
YOBE,FUNE,MASHIO,35-05-13-016,KAZALMA KOFAR BULAMA,52,152,True,-1,True,False,False,False,UNKNOWN,34,0,14,0,https://docs.inecelectionresults.net/elections_prod/1292/state/01/lga/05/ward/13/pu/016/016-1677394474.pdf,11.8259768,11.6079687,10.0,0.0,32.0,0.0
YOBE,FUNE,MASHIO,35-05-13-021,NGELKOREJI KOFAR BULAMA,94,373,True,-1,True,False,False,False,UNKNOWN,40,0,40,0,https://docs.inecelectionresults.net/elections_prod/1292/state/01/lga/05/ward/13/pu/021/021-1677394390.pdf,11.8259768,11.6079687,7.0,0.0,19.0,0.0
YOBE,GEIDAM,BALLE/GALLABA/MELERI,35-06-02-009,"SHAME MAIRI, BULAMA'S  GATE",106,306,True,-1,True,False,False,False,UNKNOWN,46,0,31,0,https://inec-cvr-cache.s3.eu-west-1.amazonaws.com/cached/results/116284/result_62818_1677623192_thumb.jpg,12.897,11.9304,41.33,0.0,28.33,2.33
YOBE,GEIDAM,FUTCHIMIRAM,35-06-05-004,"GARIMARI, BULAMA'S  GATE",7,185,True,-1,True,False,False,False,UNKNOWN,4,0,3,0,https://inec-cvr-cache.s3.eu-west-1.amazonaws.com/cached/results/116306/result_62844_1677579179_thumb.jpg,12.726629,12.4115994,,,,
YOBE,GEIDAM,GUMSA,35-06-06-005,"GUMSA BAKIN KASUWA, BAKIN KASUWA II",70,510,True,-1,True,False,False,False,UNKNOWN,48,0,19,1,https://inec-cvr-cache.s3.eu-west-1.amazonaws.com/cached/results/116317/result_62855_1677678460_thumb.jpg,12.5353573,11.8289062,,,,
YOBE,GEIDAM,KAWURI,35-06-08-010,"MUSTAPHA KULAMI,  MUSTAPHA KALAMI'S GATE",189,579,True,-1,True,False,False,False,UNKNOWN,84,0,87,6,https://inec-cvr-cache.s3.eu-west-1.amazonaws.com/cached/results/116349/result_62906_1677621118_thumb.jpg,12.897,11.9304,41.33,0.0,65.67,5.67
YOBE,GEIDAM,MA'ANNA/DAGAMBI,35-06-09-004,"ISORI, BULAMA GATE",103,320,True,-1,True,True,False,False,UNKNOWN,96,0,14,0,https://inec-cvr-cache.s3.eu-west-1.amazonaws.com/cached/results/116354/result_62918_1677569716_thumb.jpg,12.897,11.9304,49.33,0.0,31.67,2.33
YOBE,GEIDAM,ZURGU NGILEWA / BORKO,35-06-11-005,"KINDILLA, BULAMA'S GATE",37,452,True,-1,True,True,False,False,UNKNOWN,21,0,9,0,https://docs.inecelectionresults.net/elections_prod/1292/state/1/lga/3851/ward/26073/pu/117475/117475-1677569056.pdf,12.63224,12.28503,,,,
YOBE,GUJBA,MALLAM DUNARI,35-07-07-002,"BULTURAM KURA,  PRI. SCH.",184,691,True,-1,True,True,False,False,UNKNOWN,150,0,31,1,https://docs.inecelectionresults.net/elections_prod/1292/state/01/lga/07/ward/07/pu/002/002-1677411841.pdf,11.49959,11.93396,,,,
YOBE,GULANI,BARA,35-08-01-008,DUCHI M. MIDALA DUCHI PRI SCHOOL,176,536,True,-1,True,True,False,False,UNKNOWN,100,0,64,4,https://inec-cvr-cache.s3.eu-west-1.amazonaws.com/cached/results/116485/result_63092_1677590513_thumb.jpg,11.0028188,11.8734989,,,,
YOBE,GULANI,BULARAFA,35-08-03-006,"KUKUWA, PRI. SCH.",256,750,True,-1,True,False,False,False,UNKNOWN,127,0,102,6,https://inec-cvr-cache.s3.eu-west-1.amazonaws.com/cached/results/116505/result_63118_1677594659_thumb.jpg,11.1333477,11.8197213,,,,
YOBE,GULANI,GAGURE,35-08-07-004,"GAGURE, PRI. SCH.",452,1367,True,-1,True,False,False,False,UNKNOWN,12,0,32,0,https://inec-cvr-cache.s3.eu-west-1.amazonaws.com/cached/results/116535/result_63162_1677613607_thumb.jpg,10.9010306,11.5917017,44.0,0.0,13.0,5.0
YOBE,GULANI,GULANI,35-08-09-002,"GULANI LAWANTI, VIEWING CENTRE II",158,578,True,-1,False,False,False,False,UNKNOWN,63,2,68,3,https://inec-cvr-cache.s3.eu-west-1.amazonaws.com/cached/results/116547/result_63181_1677614981_thumb.jpg,10.7020545,11.6477311,29.0,2.0,24.0,4.0
YOBE,GULANI,NJIBULWA,35-08-11-001,"BAKKI YAYUM,YAYUM B.B GATE",85,353,True,-1,True,False,False,False,UNKNOWN,56,0,19,5,https://inec-cvr-cache.s3.eu-west-1.amazonaws.com/cached/results/116557/result_63192_1677618801_thumb.jpg,10.9772849,11.5866967,44.0,0.0,13.0,5.0
YOBE,GULANI,RUHU,35-08-12-001,"CHOKA AMMANI, MUSA GATE",87,504,True,-1,True,False,False,False,UNKNOWN,34,0,44,7,https://inec-cvr-cache.s3.eu-west-1.amazonaws.com/cached/results/116569/result_63207_1677615580_thumb.jpg,10.6350426,11.59012,29.0,2.0,24.0,4.0
YOBE,JAKUSKO,GIDGID / BAYAM,35-09-03-006,"GAMBOJE ADAMU, RIJIYA ADAMU",56,217,True,-1,False,False,False,False,UNKNOWN,33,0,7,1,https://inec-cvr-cache.s3.eu-west-1.amazonaws.com/cached/results/116604/result_63251_1677665899_thumb.jpg,12.5026906,10.977579,,,,
YOBE,JAKUSKO,JAWUR/KATAMMA,35-09-07-003,"ARFANE,  KOFAR BULAMA",346,1078,True,-1,True,False,False,False,UNKNOWN,109,0,212,23,https://docs.inecelectionresults.net/elections_prod/1292/state/1/lga/3854/ward/26102/pu/117737/117737-1677752895.pdf,12.7125987,10.9888274,14.0,5.0,51.0,11.0
YOBE,JAKUSKO,JAWUR/KATAMMA,35-09-07-014,"TAJUWA, PRI. SCH.",434,1137,True,-1,True,False,False,False,UNKNOWN,123,5,263,34,https://docs.inecelectionresults.net/elections_prod/1292/state/1/lga/3854/ward/26102/pu/117748/117748-1677771477.pdf,12.7125987,10.9888274,14.0,5.0,51.0,11.0
YOBE,KARASAWA,GARIN GAWO,35-10-03-002,"ALHAJIRI, KOFAR MAIGARI",206,393,True,-1,True,False,False,False,UNKNOWN,109,0,25,23,https://docs.inecelectionresults.net/elections_prod/1292/state/1/lga/3855/ward/26108/pu/117798/117798-1677592177.pdf,12.0,11.5,11.0,0.0,44.0,16.0
YOBE,KARASAWA,WARO,35-10-09-005,"ZAUNARI, KOFAR MAIGARI",177,485,True,-1,True,False,False,False,UNKNOWN,98,0,69,7,https://inec-cvr-cache.s3.eu-west-1.amazonaws.com/cached/results/116763/result_63485_1677589937_thumb.jpg,12.0,11.5,11.0,0.0,44.0,16.0
YOBE,MACHINA,DOLE,35-11-03-006,"KASATCHI, RIJIYA I",0,903,True,-1,True,False,False,False,UNKNOWN,176,0,64,27,https://docs.inecelectionresults.net/elections/1292/1677445490-117891.pdf,12.9181822,9.8105069,,,,
YOBE,MACHINA,MASKANDARE,35-11-09-004,"MASKANDARE,  PRI. SCH.",303,986,True,-1,True,False,False,False,UNKNOWN,148,0,91,16,https://docs.inecelectionresults.net/elections_prod/1292/state/01/lga/11/ward/09/pu/004/004-1677398291.pdf,12.9952876,9.9655438,,,,
YOBE,NANGERE,DADISO / CHUKURIWA,35-12-02-009,"GARIN ZANNA, KOFAR MAIGARI",137,393,True,-1,True,True,False,False,UNKNOWN,87,0,43,3,https://inec-cvr-cache.s3.eu-west-1.amazonaws.com/cached/results/116850/result_63605_1677587630.jpg,11.86444,11.07052,59.1,0.2,56.3,7.6
YOBE,NANGERE,DAWASA/G.BABA,35-12-03-003,"DAWASA, PRI. SCH.",199,718,True,-1,False,False,False,False,UNKNOWN,44,1,138,7,https://inec-cvr-cache.s3.eu-west-1.amazonaws.com/cached/results/116856/result_63611_1677585209.jpg,11.86444,11.07052,44.2,0.9,59.6,6.4
YOBE,NANGERE,DAWASA/G.BABA,35-12-03-017,KUKURI UNGUWAN CHIROMA OPEN SPACE,96,250,True,-1,True,False,False,False,UNKNOWN,17,0,160,1,https://inec-cvr-cache.s3.eu-west-1.amazonaws.com/cached/results/116870/result_63625_1677582203_thumb.jpg,11.86444,11.07052,56.1,0.2,79.0,9.0
YOBE,NANGERE,DEGUBI,35-12-05-001,"CHALLINO I,  KOFAR MAIGARI",248,726,True,-1,True,False,False,False,UNKNOWN,38,0,166,30,https://inec-cvr-cache.s3.eu-west-1.amazonaws.com/cached/results/116881/result_63641_1677580870_thumb.jpg,11.6213751,10.9662932,27.0,0.0,30.0,25.0
YOBE,NANGERE,DEGUBI,35-12-05-005,"DEGUBI III,  DISPENSARY",283,852,True,-1,True,True,False,False,UNKNOWN,65,0,196,5,https://inec-cvr-cache.s3.eu-west-1.amazonaws.com/cached/results/116885/result_63645_1677583226_thumb.jpg,11.6213751,10.9662932,27.0,0.0,30.0,25.0
YOBE,NANGERE,KUKURI/CHIROMARI,35-12-06-009,"GWALA SABUWA, KOFAR MAIGARI",149,433,True,-1,True,False,False,False,UNKNOWN,39,0,86,23,https://inec-cvr-cache.s3.eu-west-1.amazonaws.com/cached/results/116895/result_63659_1677588315_thumb.jpg,11.86444,11.07052,45.1,0.2,42.4,15.2
YOBE,NANGERE,NANGERE,35-12-08-009,"NANGERE BAKIN KASUWA, BAKIN KASUWA",195,538,True,-1,True,False,False,False,UNKNOWN,41,0,122,14,https://inec-cvr-cache.s3.eu-west-1.amazonaws.com/cached/results/116922/result_63688_1677588303_thumb.jpg,11.8297651,11.1136639,40.38,0.15,63.23,8.77
YOBE,NANGERE,PAKARAU KARE-KARE/ PAKARAU FULANI,35-12-09-010,"DUDDAYE  II,  KOFAR MAIGARI",156,496,True,-1,True,False,False,False,UNKNOWN,54,0,94,2,https://inec-cvr-cache.s3.eu-west-1.amazonaws.com/cached/results/116938/result_63710_1677582681_thumb.jpg,11.86444,11.07052,45.2,0.2,43.2,8.1
YOBE,NANGERE,TIKAU,35-12-10-006,"JAKADE I,FULANI, KOFAR MAIGARI",316,1070,True,-1,True,False,False,False,UNKNOWN,17,0,284,5,https://inec-cvr-cache.s3.eu-west-1.amazonaws.com/cached/results/116954/result_63730_1677589829_thumb.jpg,11.7960112,11.1877214,26.67,0.0,210.0,5.0
YOBE,NANGERE,TIKAU,35-12-10-014,"TUDUN WADA, KOFAR MAIGARI",139,436,True,-1,True,False,False,False,UNKNOWN,62,0,61,2,https://docs.inecelectionresults.net/elections_prod/1292/state/01/lga/12/ward/10/pu/014/014-1677390158.pdf,11.7960112,11.1877214,40.67,0.0,102.0,5.0
YOBE,NGURU,DABULE,35-13-03-004,MOJOGOLAM LAWANTI KOFAR LAWANTI,161,429,True,-1,True,False,False,False,UNKNOWN,103,0,43,1,https://docs.inecelectionresults.net/elections_prod/1292/state/01/lga/13/ward/03/pu/004/004-1677396544.pdf,12.9901857,10.4067355,,,,
YOBE,NGURU,DUMSAI/DOGON-KUKA,35-13-04-002,DUMSAI PRIMARY SCHOOL II,190,578,True,-1,True,False,False,False,UNKNOWN,46,1,106,3,https://docs.inecelectionresults.net/elections_prod/1292/state/01/lga/13/ward/04/pu/002/002-1677398816.pdf,12.8791,10.4526,69.12,1.62,94.88,18.5
YOBE,NGURU,GARBI/BAMBORI,35-13-05-005,"RAILWAY, RAILWAY PRI. SCH",272,1076,True,-1,True,True,False,False,UNKNOWN,44,0,180,26,https://inec-cvr-cache.s3.eu-west-1.amazonaws.com/cached/results/117008/result_63813_1677768586_thumb.jpg,12.8791,10.4526,69.38,2.0,114.12,18.62
YOBE,NGURU,HAUSARI,35-13-06-013,"SARKIN PAWA BAKO, KOFAR SARKIN PAWA BAKO",271,846,True,-1,True,False,False,False,UNKNOWN,186,3,140,38,https://docs.inecelectionresults.net/elections_prod/1292/state/1/lga/3858/ward/26142/pu/118121/118121-1677605167.pdf,12.8759,10.44749,134.12,2.38,99.12,24.88
YOBE,NGURU,MAJA-KURA,35-13-08-001,BIRNIN GURU OPEN SPACE,204,944,True,-1,False,False,False,False,UNKNOWN,109,0,63,8,https://docs.inecelectionresults.net/elections_prod/1292/state/01/lga/13/ward/08/pu/001/001-1677361282.pdf,12.8903661,10.3517637,66.0,0.0,51.0,23.0
YOBE,NGURU,MAJA-KURA,35-13-08-007,KAKORI KOFAR MALAM KALLE,86,334,True,-1,True,False,False,False,UNKNOWN,43,0,12,31,https://docs.inecelectionresults.net/elections_prod/1292/state/01/lga/13/ward/08/pu/007/007-1677361819.pdf,12.8903661,10.3517637,66.0,0.0,51.0,23.0
YOBE,NGURU,MIRBA-KABIR/MIRBA SAGIR,35-13-09-007,ZOMANA KOFAR MAI GARI,184,514,True,-1,True,False,False,False,UNKNOWN,98,2,29,8,https://inec-cvr-cache.s3.eu-west-1.amazonaws.com/cached/results/117046/result_63898_1677585878_thumb.jpg,12.8791,10.4526,79.12,1.75,104.5,16.38
YOBE,NGURU,NGLAIWA,35-13-10-001,"ALGAZARU, KOFAR AL-GAZARU",187,1260,True,-1,True,False,False,False,UNKNOWN,84,1,248,31,https://docs.inecelectionresults.net/elections_prod/1292/state/1/lga/3858/ward/26146/pu/118151/118151-1677694843.pdf,12.89438,10.45641,73.88,1.62,156.62,20.5
YOBE,NGURU,NGLAIWA,35-13-10-003,"KOFAR LAWAN NGOMA, NGLAIWA PRI. SCH.",612,2736,True,-1,True,False,False,False,UNKNOWN,261,2,261,54,https://inec-cvr-cache.s3.eu-west-1.amazonaws.com/cached/results/117053/result_63911_1677756685_thumb.jpg,12.89438,10.45641,199.75,1.75,168.0,38.88
YOBE,POTISKUM,BARE-BARE/BAUYA/LALAI DUMBULWA,35-14-01-001,BULAMA B. DALHU KOFAR BULAMA,162,761,True,-1,True,False,False,False,UNKNOWN,35,0,111,2,https://inec-cvr-cache.s3.eu-west-1.amazonaws.com/cached/results/117063/result_63940_1677580002_thumb.jpg,11.71391,11.08108,32.09,1.77,67.86,5.95
YOBE,POTISKUM,BARE-BARE/BAUYA/LALAI DUMBULWA,35-14-01-011,"LAMBA SULE, KOFAR LAMBA",183,750,True,-1,True,False,False,False,UNKNOWN,24,0,149,6,https://inec-cvr-cache.s3.eu-west-1.amazonaws.com/cached/results/117073/result_63950_1677794805_thumb.jpg,11.71391,11.08108,32.5,1.77,73.23,5.05
YOBE,POTISKUM,BARE-BARE/BAUYA/LALAI DUMBULWA,35-14-01-019,"REST HOUSE,  RECEPTION",200,753,True,-1,True,False,False,False,UNKNOWN,54,6,114,7,https://inec-cvr-cache.s3.eu-west-1.amazonaws.com/cached/results/117081/result_63958_1677795994_thumb.jpg,11.71391,11.08108,36.86,5.32,67.36,5.18
YOBE,POTISKUM,BOLEWA 'A',35-14-02-007,"KOFAR SARKI,  PERMANENT STAND",214,750,True,-1,True,False,False,False,UNKNOWN,38,2,155,14,https://inec-cvr-cache.s3.eu-west-1.amazonaws.com/cached/results/117094/result_63998_1677764325_thumb.jpg,11.7071576,11.0758959,32.5,2.32,75.14,8.77
YOBE,POTISKUM,BOLEWA 'A',35-14-02-008,"LAMBA BABAFI, KOFAR LAMBA",240,750,True,-1,True,True,False,False,UNKNOWN,20,1,210,6,https://inec-cvr-cache.s3.eu-west-1.amazonaws.com/cached/results/117095/result_63999_1677764577_thumb.jpg,11.7071576,11.0758959,33.68,1.82,103.27,5.05
YOBE,POTISKUM,BOLEWA 'A',35-14-02-009,MASALLACIN JUMMA'A,144,750,True,-1,True,False,False,False,UNKNOWN,19,0,122,1,https://inec-cvr-cache.s3.eu-west-1.amazonaws.com/cached/results/117096/result_64000_1677764775_thumb.jpg,11.7071576,11.0758959,34.18,1.77,67.27,6.36
YOBE,POTISKUM,BOLEWA 'B',35-14-03-001,BAYI MOI OPEN SPACE,227,750,True,-1,True,False,False,False,UNKNOWN,22,1,192,7,https://inec-cvr-cache.s3.eu-west-1.amazonaws.com/cached/results/117104/result_64027_1677764835_thumb.jpg,11.7023021,11.0881402,32.95,1.82,92.0,5.18
YOBE,POTISKUM,BOLEWA 'B',35-14-03-009,"KWATA, KWATA PRI. SCH. II",371,1291,True,-1,True,False,False,False,UNKNOWN,110,2,228,13,https://inec-cvr-cache.s3.eu-west-1.amazonaws.com/cached/results/117112/result_64035_1677766212_thumb.jpg,11.7023021,11.0881402,74.23,2.32,118.45,8.18
YOBE,POTISKUM,BOLEWA 'B',35-14-03-015,"T.JUNCTION, T.JUNCTION I",538,1702,True,-1,True,False,False,False,UNKNOWN,71,6,410,17,https://inec-cvr-cache.s3.eu-west-1.amazonaws.com/cached/results/117118/result_64041_1677767145_thumb.jpg,11.7023021,11.0881402,45.64,5.32,292.18,11.18
YOBE,POTISKUM,DOGO NINI,35-14-05-001,"AREWA DA KASUWA, KOFAR HASSAN",267,750,True,-1,True,False,False,False,UNKNOWN,48,0,173,23,https://inec-cvr-cache.s3.eu-west-1.amazonaws.com/cached/results/117145/result_64103_1677825700_thumb.jpg,11.71391,11.08108,34.77,1.77,82.5,16.91
YOBE,POTISKUM,DOGO NINI,35-14-05-005,"ARI KIME A.A., KOFAR ABARE",192,750,True,-1,True,False,False,False,UNKNOWN,27,0,214,7,https://inec-cvr-cache.s3.eu-west-1.amazonaws.com/cached/results/117148/result_64106_1677668987_thumb.jpg,11.71391,11.08108,32.09,1.77,106.36,5.18
YOBE,POTISKUM,DOGO NINI,35-14-05-010,"DAUDA 'B',  KOFAR DAUDA",194,750,True,-1,True,False,False,False,UNKNOWN,68,3,112,5,https://inec-cvr-cache.s3.eu-west-1.amazonaws.com/cached/results/117154/result_64112_1677671226_thumb.jpg,11.71391,11.08108,43.86,3.0,67.64,5.18
YOBE,POTISKUM,DOGO TEBO,35-14-06-009,"M.INUWA, KOFAR M.INUWA",256,681,True,-1,True,False,False,False,UNKNOWN,31,1,203,14,https://inec-cvr-cache.s3.eu-west-1.amazonaws.com/cached/results/117170/result_64162_1677877578_thumb.jpg,11.7272263,11.0712928,31.91,1.82,98.5,8.77
YOBE,POTISKUM,NGOJIN/ALARABA,35-14-09-007,"FARAFARA,   PRI. SCH.",287,919,True,-1,False,True,False,False,UNKNOWN,204,0,47,1,https://inec-cvr-cache.s3.eu-west-1.amazonaws.com/cached/results/117201/result_64221_1677879856_thumb.jpg,11.71391,11.08108,163.95,1.77,97.05,6.36
YOBE,POTISKUM,NGOJIN/ALARABA,35-14-09-009,"KAKA BIJIK, KOFAR BULAMA",153,475,True,-1,True,False,False,False,UNKNOWN,88,0,60,1,https://inec-cvr-cache.s3.eu-west-1.amazonaws.com/cached/results/117203/result_64223_1677880188_thumb.jpg,11.71391,11.08108,57.23,1.77,88.18,6.36
YOBE,POTISKUM,YERIMARAM/GARIN DAYE/BADEJO/NAHUTA,35-14-10-002,"BADEJO,  PRI. SCH.",221,868,True,-1,True,False,False,False,UNKNOWN,110,15,60,1,https://inec-cvr-cache.s3.eu-west-1.amazonaws.com/cached/results/117210/result_64238_1677661770_thumb.jpg,11.71391,11.08108,74.23,13.91,88.18,6.36
YOBE,TARMUWA,BARKAMI / BULTURI,35-15-02-005,ZARAMIRI LAWANTI OPEN SPACE,117,727,True,-1,True,True,False,False,UNKNOWN,58,0,15,0,https://docs.inecelectionresults.net/elections_prod/1292/state/1/lga/3860/ward/26158/pu/118334/118334-1677589379.pdf,12.17837,11.80232,,,,
YOBE,YUNUSARI,BULTUWA/MAR/YARO,35-16-01-004,"LURAM,. DANDALI",102,561,True,-1,False,False,False,False,UNKNOWN,68,0,30,1,https://inec-cvr-cache.s3.eu-west-1.amazonaws.com/cached/results/117275/result_64355_1677604932_thumb.jpg,13.26424,11.48109,40.0,0.0,18.5,1.0
YOBE,YUNUSARI,DEGALTURA/NGAMZAI,35-16-03-003,"BUHARI,  PRI. SCH.",39,964,True,-1,True,False,False,False,UNKNOWN,29,0,8,2,https://inec-cvr-cache.s3.eu-west-1.amazonaws.com/cached/results/117290/result_64376_1677650363_thumb.jpg,13.26424,11.48109,20.5,0.0,14.5,0.5
YOBE,YUNUSARI,MAIRARI,35-16-06-004,"BULAMA HAYATU,  PRI. SCH. I",178,750,True,-1,True,False,False,False,UNKNOWN,78,1,31,61,https://inec-cvr-cache.s3.eu-west-1.amazonaws.com/cached/results/117315/result_64407_1677612068_thumb.jpg,13.0744722,11.9830012,57.0,1.0,18.0,56.0
YOBE,YUNUSARI,MAIRARI,35-16-06-007,"FAYA KAFIYA, DANDALI",103,1028,True,-1,True,False,False,False,UNKNOWN,40,0,42,10,https://inec-cvr-cache.s3.eu-west-1.amazonaws.com/cached/results/117318/result_64410_1677608603_thumb.jpg,13.0744722,11.9830012,38.0,0.5,23.5,30.5
YOBE,YUNUSARI,MAIRARI,35-16-06-011,"MAIRARI,  PRI. SCH.",130,793,True,-1,True,False,False,False,UNKNOWN,2,0,6,0,https://inec-cvr-cache.s3.eu-west-1.amazonaws.com/cached/results/117322/result_64414_1677612807_thumb.jpg,13.0744722,11.9830012,57.0,0.5,30.5,35.5
YOBE,YUNUSARI,WADI/KAFIYA,35-16-09-006,GONI CHAMMAMI OPENSPACE,179,486,True,-1,True,False,False,False,UNKNOWN,153,0,22,0,https://inec-cvr-cache.s3.eu-west-1.amazonaws.com/cached/results/117355/result_64465_1677662918_thumb.jpg,13.020882,11.569,136.0,1.0,10.0,2.0
YOBE,YUNUSARI,WADI/KAFIYA,35-16-09-012,"MANAWAJI,   PRI. SCH.",138,576,True,-1,True,True,False,False,UNKNOWN,17,1,12,2,https://inec-cvr-cache.s3.eu-west-1.amazonaws.com/cached/results/117360/result_64470_1677735308_thumb.jpg,13.020882,11.569,136.0,1.0,10.0,2.0
YOBE,YUSUFARI,ALANJIRORI,35-17-01-007,NJEREREWA OPEN SPACE,0,320,True,-1,True,False,False,False,UNKNOWN,69,0,0,0,https://inec-cvr-cache.s3.eu-west-1.amazonaws.com/cached/results/117377/result_64492_1678185724_thumb.jpg,13.06602,11.17327,20.0,0.0,9.0,0.0
YOBE,YUSUFARI,MAYORI,35-17-09-009,"ISAKARI BULIN, KOFAR ISAKA",119,402,True,-1,True,False,False,False,UNKNOWN,74,0,37,3,https://docs.inecelectionresults.net/elections_prod/1292/state/1/lga/3862/ward/26185/pu/118546/118546-1677602494.pdf,13.2599276,10.4777797,,,,
YOBE,BADE,GWIO-KURA,35-01-02-010,GWIO BULAMA'S GATE II,124,419,True,-1,True,True,False,False,UNKNOWN,49,0,56,2,https://docs.inecelectionresults.net/elections_prod/1292/state/1/lga/3846/ward/26010/pu/176526/176526-1677684414.pdf,12.62927,11.12102,32.0,0.0,38.0,2.0
YOBE,BADE,KATUZU,35-01-03-012,UNGUWAR MAL. SALEH II,24,43,True,-1,False,False,False,False,UNKNOWN,7,1,14,1,https://docs.inecelectionresults.net/elections_prod/1292/state/1/lga/3846/ward/26011/pu/176536/176536-1677593731.pdf,12.85584,11.02166,26.5,0.83,99.83,13.5
YOBE,BADE,KATUZU,35-01-03-015,AGRIC STORE OFFICE I,28,47,True,-1,True,False,False,False,UNKNOWN,4,2,17,3,https://docs.inecelectionresults.net/elections_prod/1292/state/01/lga/01/ward/03/pu/015/015-1677413014.pdf,12.85584,11.02166,29.0,1.67,97.33,12.17
YOBE,BADE,LAWAN AUDU/LAWAN AL - WALI,35-01-04-017,RAMAT G D J S S III,15,52,True,-1,True,False,False,False,UNKNOWN,1,1,10,2,https://docs.inecelectionresults.net/elections_prod/1292/state/1/lga/3846/ward/26012/pu/176547/176547-1677672948.pdf,11.83004,11.025,69.5,0.9,86.0,8.1
YOBE,BADE,LAWAN AUDU/LAWAN AL - WALI,35-01-04-027,ASIBITIN AGANA VII,99,507,True,-1,True,False,False,False,UNKNOWN,12,0,69,10,https://docs.inecelectionresults.net/elections_prod/1292/state/1/lga/3846/ward/26012/pu/176557/176557-1677605020.pdf,11.83004,11.025,59.6,0.2,44.1,6.1
YOBE,BADE,LAWAN FANNAMI,35-01-05-017,BABUJE PRIMARY SCHOOL  II,78,571,True,-1,True,False,False,False,UNKNOWN,16,1,57,2,https://docs.inecelectionresults.net/elections_prod/1292/state/1/lga/3846/ward/26013/pu/176577/176577-1677778422.pdf,12.89425,11.03004,22.0,0.83,77.33,12.67
YOBE,BADE,SARKIN HAUSAWA,35-01-07-014,ALH. SIDI ALI MAI AJI CINEMA,120,466,True,-1,True,False,False,False,UNKNOWN,18,0,81,11,https://docs.inecelectionresults.net/elections_prod/1292/state/1/lga/3846/ward/26015/pu/176613/176613-1677592493.pdf,12.83656,11.04662,21.67,0.67,73.33,10.83
YOBE,BADE,USUR/DAWAYO,35-01-09-018,AZAM KURA III,46,262,True,-1,True,False,False,False,UNKNOWN,18,0,8,17,https://docs.inecelectionresults.net/elections_prod/1292/state/1/lga/3846/ward/26017/pu/176627/176627-1677844270.pdf,12.85565,10.89342,24.0,0.5,22.5,29.5
YOBE,BADE,USUR/DAWAYO,35-01-09-013,AZBAK BULAMA GATE,17,55,True,-1,True,True,False,False,UNKNOWN,4,1,9,3,https://docs.inecelectionresults.net/elections_prod/1292/state/1/lga/3846/ward/26017/pu/176622/176622-1677767237.pdf,12.85565,10.89342,31.0,1.0,22.0,36.5
YOBE,DAMATURU,GAMBIR/MADURI,35-03-04-007,"MADURI BOREHOLE OPPOSITE ""B"" DIVISION",35,59,True,-1,True,False,False,False,UNKNOWN,24,4,27,1,https://inec-cvr-cache.s3.eu-west-1.amazonaws.com/cached/results/672747/result_62213_1677836275_thumb.jpg,11.74697,11.96083,,,,
YOBE,GEIDAM,SHAME KURA / DILAWA,35-06-10-010,KALGERI II,30,70,True,-1,True,True,False,False,UNKNOWN,10,0,19,1,https://inec-cvr-cache.s3.eu-west-1.amazonaws.com/cached/results/672942/result_62936_1677606281_thumb.jpg,12.897,11.9304,65.33,0.0,28.33,2.33
YOBE,JAKUSKO,LAFIYA LOI-LOI,35-09-08-013,GAMAJAM PRIMARY SCHOOL,24,43,True,-1,False,False,False,False,UNKNOWN,10,0,8,6,https://inec-cvr-cache.s3.eu-west-1.amazonaws.com/cached/results/673047/result_63339_1677759687_thumb.jpg,12.1846923,10.9824399,,,,
YOBE,JAKUSKO,MUGURAM,35-09-09-007,MUGURAM PRIMARY SCHOOL II,25,60,True,-1,True,False,False,False,UNKNOWN,6,0,15,3,https://inec-cvr-cache.s3.eu-west-1.amazonaws.com/cached/results/673051/result_63349_1677576193_thumb.jpg,12.3214134,11.0780023,,,,
YOBE,POTISKUM,BARE-BARE/BAUYA/LALAI DUMBULWA,35-14-01-036,KILA KWATA OPEN SPACE II,197,481,True,-1,True,False,False,False,UNKNOWN,52,1,119,16,https://inec-cvr-cache.s3.eu-west-1.amazonaws.com/cached/results/673130/result_63975_1677798795_thumb.jpg,11.71391,11.08108,36.05,1.82,67.14,10.32
YOBE,POTISKUM,BARE-BARE/BAUYA/LALAI DUMBULWA,35-14-01-039,MAI BAUYA KOFAR BULAMA II,134,448,True,-1,True,False,False,False,UNKNOWN,18,0,102,7,https://inec-cvr-cache.s3.eu-west-1.amazonaws.com/cached/results/673133/result_63978_1677799081_thumb.jpg,11.71391,11.08108,34.77,1.77,70.73,5.18
YOBE,POTISKUM,BARE-BARE/BAUYA/LALAI DUMBULWA,35-14-01-042,M. IYAM II,4,6,True,-1,True,False,False,False,UNKNOWN,1,0,3,0,https://inec-cvr-cache.s3.eu-west-1.amazonaws.com/cached/results/673136/result_63981_1677799383_thumb.jpg,11.71391,11.08108,48.27,1.77,133.32,7.14
YOBE,POTISKUM,DANCHUWA/BULA,35-14-04-024,DANCHUWA DISPENSARY II,9,16,True,-1,True,False,False,False,UNKNOWN,4,0,5,0,https://inec-cvr-cache.s3.eu-west-1.amazonaws.com/cached/results/673198/result_64100_1677913525_thumb.jpg,11.71391,11.08108,45.41,1.77,131.41,7.14
YOBE,POTISKUM,DOGO NINI,35-14-05-024,"ARI KIME A.A., KOFAR DOGO MAI KEMI II",31,320,True,-1,True,False,False,False,UNKNOWN,4,0,26,0,https://inec-cvr-cache.s3.eu-west-1.amazonaws.com/cached/results/673207/result_64126_1677670098_thumb.jpg,11.71391,11.08108,45.41,1.77,113.27,7.14
YOBE,POTISKUM,DOGO NINI,35-14-05-032,"DABO STADIUM II, GATE VI",166,750,True,-1,True,False,False,False,UNKNOWN,21,0,124,3,https://inec-cvr-cache.s3.eu-west-1.amazonaws.com/cached/results/673215/result_64134_1677671085_thumb.jpg,11.71391,11.08108,33.27,1.77,67.55,5.64
YOBE,POTISKUM,DOGO NINI,35-14-05-045,"GABAR DA KASUWA,GABAR DA KASUWA II",87,393,True,-1,True,True,False,False,UNKNOWN,16,1,63,6,https://inec-cvr-cache.s3.eu-west-1.amazonaws.com/cached/results/673228/result_64147_1677664576_thumb.jpg,11.71391,11.08108,36.14,1.82,86.68,5.05
YOBE,YUSUFARI,KASKA/TULOTULOWA,35-17-06-010,TULOTULO KASUWAN SHANU,74,104,True,-1,True,True,False,False,UNKNOWN,49,0,9,0,https://inec-cvr-cache.s3.eu-west-1.amazonaws.com/cached/results/673333/result_64553_1677583693_thumb.jpg,13.06602,11.17327,20.0,0.0,9.0,0.0
YOBE,FIKA,GADAKA/SHEMBIRE,35-04-03-034,MADAKI OPEN SPACE,26,39,True,-1,True,False,False,False,UNKNOWN,16,0,10,0,https://inec-cvr-cache.s3.eu-west-1.amazonaws.com/cached/results/673423/result_62422_1677753701_thumb.jpg,11.28674,11.30772,35.33,0.0,143.67,0.0
YOBE,FIKA,GADAKA/SHEMBIRE,35-04-03-035,MUSA KULE OPEN SPACE,94,346,True,-1,True,False,False,False,UNKNOWN,21,0,66,0,https://inec-cvr-cache.s3.eu-west-1.amazonaws.com/cached/results/673424/result_62423_1677756868_thumb.jpg,11.28674,11.30772,32.0,0.0,106.33,0.0
YOBE,FIKA,GADAKA/SHEMBIRE,35-04-03-038,SABON LAYI PRI. SCH,137,388,True,-1,True,False,False,False,UNKNOWN,29,0,99,0,https://inec-cvr-cache.s3.eu-west-1.amazonaws.com/cached/results/673425/result_62426_1677757659_thumb.jpg,11.28674,11.30772,32.0,0.0,106.33,0.0
YOBE,NANGERE,DAZIGAU,35-12-04-014,YARU KOFAR MAIGARI II,67,102,True,-1,True,False,False,False,UNKNOWN,12,4,47,0,https://inec-cvr-cache.s3.eu-west-1.amazonaws.com/cached/results/673513/result_63640_1677583846_thumb.jpg,11.7378269,10.956547,,,,
YOBE,NANGERE,TIKAU,35-12-10-020,"JAKADAI II K,K KOFAR MAIGARI IV",51,168,True,-1,True,True,False,False,UNKNOWN,6,0,39,2,https://inec-cvr-cache.s3.eu-west-1.amazonaws.com/cached/results/673533/result_63744_1677600843_thumb.jpg,11.7960112,11.1877214,34.0,0.0,116.67,5.0
YOBE,NGURU,BULABULIN,35-13-01-018,COLLEGE OF EDUCATION,23,72,True,-1,True,False,False,False,UNKNOWN,3,7,5,3,https://inec-cvr-cache.s3.eu-west-1.amazonaws.com/cached/results/673543/result_63775_1677771877_thumb.jpg,12.8545471,10.4754929,90.5,5.88,120.0,18.5
YOBE,NGURU,KANURI,35-13-07-015,TUBORI JUCTION HAND PUMP,50,91,True,-1,True,True,False,False,UNKNOWN,23,0,20,7,https://inec-cvr-cache.s3.eu-west-1.amazonaws.com/cached/results/673594/result_63872_1677763616_thumb.jpg,12.8853433,10.4739284,77.25,2.0,107.88,16.5
YOBE,NGURU,NGLAIWA,35-13-10-014,LAYIN GONI KIME JUNCTION,27,53,True,-1,True,False,False,False,UNKNOWN,6,0,16,5,https://inec-cvr-cache.s3.eu-west-1.amazonaws.com/cached/results/673613/result_63922_1677757732_thumb.jpg,12.89438,10.45641,87.88,2.0,110.38,17.25
YOBE,YUNUSARI,MOZOGUN/KUJARI,35-16-07-009,KUJARI VIEW CENTRE,44,97,True,-1,True,False,False,False,UNKNOWN,27,0,15,2,https://inec-cvr-cache.s3.eu-west-1.amazonaws.com/cached/results/673657/result_64434_1677657768_thumb.jpg,13.26424,11.48109,21.5,0.0,11.0,0.5
