Date, Open_DNGN, High_DNGN, Low_DNGN, Close_DNGN
2024-07-22,1605.5,1665.61,1587.1,1607.0
2024-07-19,1627.34,1635.0,1605.5,1605.5
2024-07-18,1614.84,1660.0,1604.08,1627.34
2024-07-17,1618.85,1628.86,1595.0,1614.84
2024-07-16,1619.84,1642.72,1588.86,1618.86
2024-07-15,1600.28,1639.69,1598.03,1619.84
2024-07-12,1586.23,1619.92,1560.75,1619.91
2024-07-11,1558.14,1612.0,1546.23,1586.23
2024-07-10,1550.73,1590.0,1524.5,1578.22
2024-07-09,1550.72,1550.73,1535.0,1550.72
2024-07-08,1527.5,1550.73,1516.35,1550.72
2024-07-05,1526.25,1527.5,1506.05,1527.5
2024-07-04,1514.68,1526.25,1503.0,1526.25
2024-07-03,1504.5,1526.25,1474.0,1526.25
2024-07-02,1532.63,1532.63,1470.69,1504.5
2024-07-01,1535.42,1544.29,1505.47,1532.63
2024-06-28,1540.24,1540.47,1520.47,1535.42
2024-06-27,1540.24,1545.24,1520.24,1540.24
2024-06-26,1518.12,1555.48,1515.89,1540.24
2024-06-25,1530.89,1535.9,1510.88,1535.89
2024-06-24,1485.65,1530.9,1485.65,1530.89
2024-06-21,1489.0,1515.0,1470.0,1499.0
2024-06-20,1490.0,1490.01,1479.0,1489.0
2024-06-19,1490.5,1527.23,1470.0,1490.0
2024-06-18,1483.04,1505.0,1483.03,1490.5
2024-06-17,1484.32,1484.72,1483.03,1483.04
2024-06-14,1504.99,1505.01,1472.5,1495.5
2024-06-13,1505.0,1505.01,1475.0,1505.0
2024-06-12,1483.32,1505.01,1481.05,1505.0
2024-06-11,1501.87,1525.0,1465.8,1505.0
2024-06-10,1489.13,1518.8,1471.87,1501.87
2024-06-07,1496.22,1496.22,1471.21,1471.22
2024-06-06,1497.53,1497.53,1471.72,1496.22
2024-06-05,1493.49,1498.8,1468.9,1497.53
2024-06-04,1485.24,1500.0,1468.9,1493.5
2024-06-03,1487.0,1505.0,1465.0,1487.0
2024-05-31,1334.55,1491.01,1334.54,1487.0
2024-05-30,1400.46,1445.78,1230.06,1334.55
2024-05-29,1390.95,1454.96,1390.95,1400.46
2024-05-28,1477.63,1485.0,1390.96,1390.96
2024-05-27,1468.46,1505.0,1468.15,1477.63
2024-05-24,1444.0,1480.0,1444.0,1468.46
2024-05-23,1432.5,1475.0,1417.5,1444.0
2024-05-22,1420.5,1465.0,1416.0,1432.5
2024-05-21,1532.43,1532.43,1418.5,1420.5
2024-05-20,1470.0,1534.0,1456.0,1532.43
2024-05-17,1523.0,1525.0,1470.0,1470.0
2024-05-16,1522.0,1545.0,1513.98,1523.0
2024-05-15,1502.5,1545.0,1475.0,1522.0
2024-05-14,1445.29,1525.0,1444.93,1502.5
2024-05-13,1424.9,1482.84,1424.9,1445.29
2024-05-10,1419.53,1437.0,1419.53,1424.9
2024-05-09,1407.4,1455.0,1406.25,1419.53
2024-05-08,1389.0,1430.0,1383.9,1407.4
2024-05-07,1386.0,1389.0,1380.7,1389.0
2024-05-06,1382.5,1407.68,1375.0,1386.0
2024-05-03,1372.95,1409.42,1372.95,1382.5
2024-05-02,1394.5,1402.22,1350.9,1372.95
2024-05-01,1390.0,1409.46,1390.0,1394.5
2024-04-30,1357.0,1390.0,1357.0,1390.0
2024-04-29,1306.22,1390.0,1306.22,1357.0
2024-04-26,1280.02,1333.5,1280.02,1306.22
2024-04-25,1254.03,1290.5,1254.03,1280.02
2024-04-24,1233.5,1290.5,1233.5,1254.03
2024-04-23,1233.5,1271.96,1232.46,1233.5
2024-04-22,1077.0,1236.0,1075.75,1233.5
2024-04-19,1150.27,1164.31,1041.99,1077.0
2024-04-18,1151.18,1170.0,1140.64,1150.27
2024-04-17,1141.0,1161.71,1115.0,1151.18
2024-04-16,1153.0,1173.14,1139.0,1147.64
2024-04-15,1200.5,1200.5,1115.0,1153.0
2024-04-12,1242.29,1255.0,1176.75,1200.5
2024-04-11,1239.86,1247.17,1239.86,1242.29
2024-04-10,1248.59,1248.59,1235.0,1239.86
2024-04-09,1241.81,1249.09,1237.24,1248.59
2024-04-08,1247.75,1296.16,1241.81,1241.81
2024-04-05,1319.6,1319.61,1243.0,1247.75
2024-04-04,1319.6,1319.61,1319.59,1319.6
2024-04-03,1295.0,1319.61,1259.6,1319.6
2024-04-02,1306.67,1327.54,1294.5,1295.0
2024-04-01,1393.51,1393.51,1304.34,1306.67
2024-03-29,1393.51,1393.51,1393.51,1393.51
2024-03-28,1418.57,1418.57,1332.95,1393.51
2024-03-27,1396.53,1418.57,1395.02,1418.57
2024-03-26,1424.83,1440.39,1350.64,1396.53
2024-03-25,1464.95,1464.95,1400.64,1424.83
2024-03-22,1410.94,1480.5,1362.5,1464.95
2024-03-21,1420.5,1420.5,1370.49,1410.94
2024-03-20,1477.25,1510.51,1420.5,1420.5
2024-03-19,1564.71,1573.5,1477.25,1477.25
2024-03-18,1611.12,1611.12,1540.26,1564.71
2024-03-15,1594.5,1611.51,1581.03,1611.12
2024-03-14,1608.11,1608.11,1585.5,1594.5
2024-03-13,1612.78,1612.78,1580.25,1608.11
2024-03-12,1625.23,1625.23,1575.19,1612.78
2024-03-11,1594.34,1626.5,1585.5,1625.23
2024-03-08,1591.5,1595.5,1585.5,1594.34
2024-03-07,1591.17,1595.5,1580.25,1591.5
2024-03-06,1561.01,1592.51,1560.5,1591.17
2024-03-05,1544.58,1561.01,1500.5,1561.01
2024-03-04,1578.06,1578.06,1510.25,1544.58
2024-03-01,1617.55,1617.55,1564.5,1579.52
2024-02-29,1630.66,1630.66,1579.01,1617.55
2024-02-28,1579.08,1630.66,1558.5,1630.66
2024-02-27,1564.0,1579.08,1562.14,1579.08
2024-02-26,1607.0,1607.0,1526.0,1564.0
2024-02-23,1607.0,1607.0,1605.05,1607.0
2024-02-22,1607.0,1607.0,1600.25,1607.0
2024-02-21,1607.5,1607.5,1590.5,1607.0
2024-02-20,1493.73,1607.5,1490.49,1607.0
2024-02-19,1493.73,1531.0,1493.73,1493.73
2024-02-16,1517.2,1530.75,1493.5,1493.73
2024-02-15,1516.5,1518.5,1515.59,1517.2
2024-02-14,1515.59,1516.51,1490.5,1516.5
2024-02-13,1503.5,1518.01,1449.5,1515.59
2024-02-12,1474.62,1505.0,1474.62,1503.5
2024-02-09,1445.06,1474.62,1445.06,1474.62
2024-02-08,1418.13,1445.07,1404.0,1445.06
2024-02-07,1408.0,1418.13,1408.0,1418.13
2024-02-06,1400.0,1415.25,1400.0,1408.0
2024-02-05,1194.5,1400.0,1194.5,1400.0
2024-02-02,1194.5,1194.5,1194.5,1194.5
2024-02-01,1194.5,1194.5,1194.5,1194.5
2024-01-31,896.5,1194.5,889.92,1194.5
2024-01-30,893.5,952.5,893.5,896.5
2024-01-29,899.2,911.0,892.04,893.5
2024-01-26,888.5,900.6,888.5,899.2
2024-01-25,900.27,901.5,887.39,888.5
2024-01-24,915.5,915.5,870.5,900.27
2024-01-23,891.01,915.5,870.5,915.5
2024-01-22,891.04,911.0,891.01,891.01
2024-01-19,895.52,896.5,860.5,891.04
2024-01-18,860.5,895.52,859.02,895.52
2024-01-17,895.5,910.75,860.5,860.5
2024-01-16,958.05,960.59,853.77,895.5
2024-01-15,957.51,958.42,957.51,958.05
2024-01-12,958.05,959.0,957.51,957.51
2024-01-11,951.49,959.0,951.49,958.05
2024-01-10,914.5,952.0,914.43,951.49
2024-01-09,884.81,914.5,882.59,914.5
2024-01-08,914.43,914.43,884.07,885.2
2024-01-05,912.5,914.5,912.38,914.5
2024-01-04,891.9,912.5,891.84,912.5
2024-01-03,884.65,891.9,884.01,891.9
2024-01-02,899.1,899.1,884.5,884.5
2024-01-01,896.64,899.59,896.64,899.1
2023-12-29,896.62,897.5,896.61,896.64
2023-12-28,895.5,905.5,885.36,896.61
2023-12-27,905.1,905.5,884.99,895.5
2023-12-26,904.1,905.5,904.1,905.1
2023-12-25,903.89,904.72,903.89,904.57
2023-12-22,825.0,906.39,825.0,903.89
2023-12-21,825.0,825.0,823.87,825.0
2023-12-20,825.0,825.0,824.97,825.0
2023-12-19,789.91,825.0,789.32,825.0
2023-12-18,790.0,794.79,789.91,789.91
2023-12-15,791.0,803.0,789.5,790.0
2023-12-14,802.5,803.51,789.23,791.0
2023-12-13,802.42,803.01,789.5,802.5
2023-12-12,793.5,802.5,789.26,802.45
2023-12-11,803.5,803.5,789.5,793.5
2023-12-08,802.5,803.5,789.5,803.5
2023-12-07,803.5,803.5,789.5,802.5
2023-12-06,802.5,803.5,802.47,803.5
2023-12-05,799.0,819.51,799.0,802.5
2023-12-04,789.0,799.0,789.0,799.0
2023-12-01,790.5,790.5,788.5,789.0
2023-11-30,794.0,794.0,789.5,790.5
2023-11-29,789.5,794.0,785.46,794.0
2023-11-28,799.5,805.75,788.95,789.5
2023-11-27,819.5,819.5,789.5,799.5
2023-11-24,804.94,819.5,803.85,819.5
2023-11-23,804.39,804.94,804.39,804.94
2023-11-22,816.6,816.6,804.39,804.39
2023-11-21,820.18,821.5,816.6,816.6
2023-11-20,840.04,840.04,820.18,820.18
2023-11-17,845.5,845.5,840.04,840.04
2023-11-16,843.58,847.19,827.34,845.5
2023-11-15,845.44,846.08,843.58,843.58
2023-11-14,803.67,845.44,802.16,845.44
2023-11-13,805.0,805.0,802.31,803.67
2023-11-10,803.01,805.0,802.88,805.0
2023-11-09,803.3,803.3,803.0,803.01
2023-11-08,786.59,806.5,786.59,803.3
2023-11-07,800.0,803.26,786.58,786.59
2023-11-06,806.77,806.85,781.55,800.0
2023-11-03,786.09,806.77,786.09,806.77
2023-11-02,788.5,788.5,786.09,786.09
2023-11-01,787.0,789.5,786.08,788.5
2023-10-31,786.48,788.69,786.35,787.0
2023-10-30,790.5,790.5,786.48,786.48
2023-10-27,802.7,802.7,789.5,790.5
2023-10-26,817.91,817.91,788.49,802.7
2023-10-25,795.43,839.5,789.5,817.91
2023-10-24,883.5,883.61,860.5,860.5
2023-10-23,764.0,884.5,764.0,883.5
2023-10-20,764.0,765.85,764.0,764.0
2023-10-19,774.94,774.94,764.0,764.0
2023-10-18,764.74,774.94,764.64,774.94
2023-10-17,765.5,767.0,764.49,764.74
2023-10-16,770.01,775.75,765.43,765.5
2023-10-13,768.6,775.52,765.73,770.01
2023-10-12,780.0,780.0,764.32,769.0
2023-10-11,763.53,780.0,759.99,780.0
2023-10-10,759.21,775.5,759.21,763.53
2023-10-09,767.0,772.04,759.21,759.21
2023-10-06,767.0,772.04,745.05,767.0
2023-10-05,747.11,770.5,747.11,767.0
2023-10-04,766.0,770.5,747.1,747.11
2023-10-03,766.97,798.79,766.0,766.0
2023-10-02,770.5,770.5,766.97,766.97
2023-09-29,778.1,782.0,769.1,770.5
2023-09-28,778.1,798.65,778.1,778.1
2023-09-27,779.55,782.2,778.09,778.1
2023-09-26,779.55,784.39,779.54,780.53
2023-09-25,770.5,784.51,756.96,779.55
2023-09-22,767.93,770.5,767.77,770.5
2023-09-21,770.77,781.09,767.93,767.93
2023-09-20,776.5,780.5,770.76,770.77
2023-09-19,760.43,789.5,760.43,776.5
2023-09-18,768.24,789.5,760.43,760.43
2023-09-15,768.69,789.5,768.24,768.24
2023-09-14,746.68,785.0,744.28,784.5
2023-09-13,770.83,770.83,744.5,746.68
2023-09-12,738.04,777.5,738.04,770.83
2023-09-11,789.5,789.5,738.03,738.04
2023-09-08,785.5,789.5,785.5,785.5
2023-09-07,755.0,785.5,754.17,785.5
2023-09-06,758.2,761.0,754.0,755.0
2023-09-05,757.49,761.46,744.5,758.2
2023-09-04,757.02,757.49,756.88,757.49
2023-09-01,773.5,777.0,757.0,757.02
2023-08-31,773.5,774.54,769.51,773.5
2023-08-30,772.47,778.75,740.5,773.5
2023-08-29,774.4,774.4,760.37,772.47
2023-08-28,772.34,774.73,771.34,774.4
2023-08-25,755.71,774.5,744.5,772.34
2023-08-24,760.5,773.5,755.71,755.71
2023-08-23,762.29,763.25,756.77,760.5
2023-08-22,765.0,767.25,760.48,762.29
2023-08-21,746.43,769.5,745.14,765.0
2023-08-18,767.97,769.5,746.43,746.43
2023-08-17,785.89,785.89,761.5,767.97
2023-08-16,763.5,785.89,760.5,785.89
2023-08-15,766.9,768.5,760.5,763.5
2023-08-14,769.2,773.25,766.4,766.9
2023-08-11,769.24,772.02,769.2,769.2
2023-08-10,769.27,769.27,763.11,769.24
2023-08-09,762.94,769.27,762.94,769.27
2023-08-08,751.12,786.15,750.97,762.94
2023-08-07,767.45,787.5,751.12,751.12
2023-08-04,777.5,778.0,767.45,767.45
2023-08-03,778.51,790.39,764.75,777.5
2023-08-02,758.51,778.5,756.05,778.5
2023-08-01,760.4,771.55,745.5,758.51
2023-07-31,775.78,792.5,760.4,760.45
2023-07-28,775.5,790.01,774.44,775.78
2023-07-27,788.5,792.98,764.5,775.5
2023-07-26,793.32,793.73,784.84,788.5
2023-07-25,793.32,794.22,780.5,793.32
2023-07-24,776.5,796.01,776.5,793.32
2023-07-21,791.01,792.7,775.5,776.5
2023-07-20,782.81,791.51,775.5,791.01
2023-07-19,789.5,799.66,773.31,782.81
2023-07-18,777.5,791.3,773.31,789.5
2023-07-17,776.5,777.5,775.5,776.84
2023-07-14,777.5,777.5,776.5,776.5
2023-07-13,776.5,799.5,776.49,777.5
2023-07-12,780.5,790.0,760.0,776.5
2023-07-11,790.0,790.79,775.0,780.5
2023-07-10,769.5,790.0,762.56,790.0
2023-07-07,774.5,776.0,768.5,769.5
2023-07-06,773.5,777.58,769.56,774.5
2023-07-05,765.85,776.5,765.85,773.5
2023-07-04,770.5,775.5,765.5,765.85
2023-07-03,760.27,775.5,755.72,770.5
2023-06-30,754.44,775.5,754.44,760.27
2023-06-29,754.45,754.5,754.0,754.44
2023-06-28,764.55,765.09,754.0,754.45
2023-06-27,743.75,765.5,743.75,764.55
2023-06-26,823.0,823.0,743.75,743.75
2023-06-23,816.5,823.0,816.5,823.0
2023-06-22,783.25,820.0,783.25,816.5
2023-06-21,690.0,783.25,690.0,783.25
2023-06-20,671.98,690.5,671.98,690.0
2023-06-19,656.5,671.98,650.4,671.98
2023-06-16,620.5,660.0,600.5,656.5
2023-06-15,465.5,658.0,465.5,620.5
2023-06-14,462.88,465.5,462.88,465.5
2023-06-13,462.4,474.5,462.38,462.88
2023-06-12,462.4,462.45,462.4,462.4
2023-06-09,462.17,466.0,462.17,462.4
2023-06-08,461.68,466.01,461.68,462.17
2023-06-07,461.68,474.5,461.65,461.68
2023-06-06,461.55,466.0,461.52,461.68
2023-06-05,461.42,464.5,460.5,461.55
2023-06-02,461.26,461.42,461.25,461.42
2023-06-01,461.1,465.5,461.1,461.26
2023-05-31,460.95,461.1,460.95,461.1
2023-05-30,460.75,464.5,460.71,460.95
2023-05-29,460.8,460.8,460.75,460.75
2023-05-26,460.81,460.81,460.8,460.8
2023-05-25,460.78,464.5,460.75,460.81
2023-05-24,460.78,465.5,460.5,460.78
2023-05-23,460.81,460.81,460.78,460.78
2023-05-22,460.84,463.5,460.81,460.81
2023-05-19,460.86,463.5,460.84,460.84
2023-05-18,460.7,460.86,460.7,460.86
2023-05-17,460.57,460.7,460.57,460.7
2023-05-16,460.53,460.57,460.5,460.57
2023-05-15,460.53,462.5,460.51,460.53
2023-05-12,460.57,460.57,460.53,460.53
2023-05-11,460.56,462.5,460.55,460.57
2023-05-10,460.44,460.56,460.43,460.56
2023-05-09,460.5,460.52,460.44,460.44
2023-05-08,460.37,461.5,460.34,460.5
2023-05-05,460.34,460.37,460.33,460.37
2023-05-04,460.35,460.35,460.32,460.34
2023-05-03,460.31,460.35,460.3,460.35
2023-05-02,460.37,460.5,460.31,460.31
2023-05-01,460.47,460.48,460.37,460.37
2023-04-28,460.47,460.5,460.45,460.47
2023-04-27,460.47,460.5,460.45,460.47
2023-04-26,460.53,460.53,460.47,460.47
2023-04-25,460.53,460.53,460.51,460.53
2023-04-24,460.53,460.53,459.96,460.53
2023-04-21,460.53,460.54,460.53,460.53
2023-04-20,460.53,460.53,460.51,460.53
2023-04-19,460.41,460.53,460.32,460.53
2023-04-18,460.42,460.42,460.41,460.41
2023-04-17,460.43,460.5,460.42,460.42
2023-04-14,460.43,460.43,460.42,460.43
2023-04-13,460.33,460.43,460.32,460.43
2023-04-12,460.33,460.33,460.33,460.33
2023-04-11,460.33,460.5,460.33,460.33
2023-04-10,460.33,460.33,460.32,460.33
2023-04-07,460.33,460.33,460.33,460.33
2023-04-06,460.36,460.36,460.33,460.33
2023-04-05,460.33,460.36,460.32,460.36
2023-04-04,460.33,460.33,460.32,460.33
2023-04-03,460.34,460.35,460.32,460.33
2023-03-31,460.35,460.35,460.34,460.34
2023-03-30,460.32,460.35,460.29,460.35
2023-03-29,460.35,460.4,460.32,460.32
2023-03-28,460.4,460.41,460.35,460.35
2023-03-27,460.48,460.5,460.4,460.4
2023-03-24,460.48,460.48,460.47,460.48
2023-03-23,460.45,460.48,460.45,460.48
2023-03-22,460.42,460.45,460.42,460.45
2023-03-21,460.39,460.42,460.39,460.42
2023-03-20,460.44,460.5,460.39,460.39
2023-03-17,460.44,460.45,460.44,460.44
2023-03-16,460.54,460.55,460.44,460.44
2023-03-15,460.53,460.54,460.53,460.54
2023-03-14,460.52,460.53,460.52,460.53
2023-03-13,460.52,460.53,460.52,460.52
2023-03-10,460.52,460.55,460.52,460.52
2023-03-09,460.49,460.52,460.48,460.52
2023-03-08,460.46,460.49,460.45,460.49
2023-03-07,460.46,460.47,460.46,460.46
2023-03-06,460.46,460.46,460.45,460.46
2023-03-03,460.47,460.48,460.46,460.46
2023-03-02,460.47,460.47,460.45,460.47
2023-03-01,460.47,460.47,460.46,460.47
2023-02-28,460.45,460.47,460.44,460.47
2023-02-27,460.44,460.45,460.43,460.45
2023-02-24,460.44,460.44,460.43,460.44
2023-02-23,460.47,460.47,460.44,460.44
2023-02-22,460.47,460.47,460.45,460.47
2023-02-21,460.55,460.55,460.47,460.47
2023-02-20,460.54,460.55,460.5,460.55
2023-02-17,460.55,460.57,460.5,460.54
2023-02-16,460.56,460.56,460.5,460.55
2023-02-15,460.56,460.6,460.5,460.56
2023-02-14,460.52,460.56,460.52,460.56
2023-02-13,459.49,460.52,459.49,460.52
2023-02-10,460.47,460.47,459.49,459.49
2023-02-09,460.42,460.47,460.4,460.47
2023-02-08,460.42,460.45,460.42,460.42
2023-02-07,459.7,460.42,459.7,460.42
2023-02-06,460.54,460.55,459.7,459.7
2023-02-03,460.54,460.54,460.53,460.54
2023-02-02,460.52,460.54,460.52,460.54
2023-02-01,460.52,460.55,460.5,460.52
2023-01-31,460.41,460.52,460.41,460.52
2023-01-30,460.28,460.5,460.28,460.41
2023-01-27,460.28,460.31,460.28,460.28
2023-01-26,459.97,460.28,459.97,460.28
2023-01-25,459.81,459.97,459.8,459.97
2023-01-24,455.06,459.81,455.06,459.81
2023-01-23,455.06,460.5,455.05,455.06
2023-01-20,453.58,455.06,453.58,455.06
2023-01-19,453.58,460.5,453.58,453.58
2023-01-18,453.58,460.5,453.58,453.58
2023-01-17,452.62,460.51,452.62,453.58
2023-01-16,452.59,460.5,452.59,452.62
2023-01-13,452.13,452.59,452.13,452.59
2023-01-12,451.6,452.13,451.6,452.13
2023-01-11,450.08,451.6,450.08,451.6
2023-01-10,450.05,450.08,450.05,450.08
2023-01-09,450.05,450.08,450.05,450.05
2023-01-06,449.53,450.05,449.53,450.05
2023-01-05,449.01,449.53,449.01,449.53
2023-01-04,448.55,449.01,448.55,449.01
2023-01-03,448.08,448.55,445.49,448.55
2023-01-02,448.08,448.08,448.08,448.08
2022-12-30,447.58,448.08,447.58,448.08
2022-12-29,446.64,447.58,446.64,447.58
2022-12-28,446.63,446.64,446.63,446.64
2022-12-27,446.65,455.5,446.63,446.63
2022-12-26,446.63,446.65,446.63,446.65
2022-12-23,446.63,446.65,445.5,446.63
2022-12-22,445.96,446.63,445.5,446.63
2022-12-21,445.96,455.5,445.96,445.96
2022-12-20,445.96,446.02,445.5,445.96
2022-12-19,445.47,450.5,445.47,445.96
2022-12-16,445.46,445.47,443.94,445.47
2022-12-15,445.46,445.48,445.46,445.46
2022-12-14,445.31,450.5,443.5,445.46
2022-12-13,445.15,445.31,445.15,445.31
2022-12-12,444.97,445.15,443.5,445.15
2022-12-09,444.97,445.5,444.96,444.97
2022-12-08,444.81,445.5,443.5,444.97
2022-12-07,444.81,444.92,443.5,444.81
2022-12-06,444.54,444.81,444.54,444.81
2022-12-05,444.17,444.54,443.5,444.54
2022-12-02,443.95,444.17,443.95,444.17
2022-12-01,443.94,443.95,443.94,443.95
2022-11-30,443.94,443.94,443.94,443.94
2022-11-29,443.87,443.94,443.87,443.94
2022-11-28,443.26,443.87,443.26,443.87
2022-11-25,443.45,443.55,443.26,443.26
2022-11-24,443.3,443.45,443.3,443.45
2022-11-23,443.13,443.3,443.13,443.3
2022-11-22,442.99,443.5,442.5,443.13
2022-11-21,442.66,442.99,442.5,442.99
2022-11-18,442.35,442.66,442.35,442.66
2022-11-17,441.69,442.35,441.69,442.35
2022-11-16,441.69,442.5,441.69,441.69
2022-11-15,441.33,441.69,441.33,441.69
2022-11-14,440.96,443.5,440.96,441.33
2022-11-11,440.63,443.5,440.63,440.96
2022-11-10,440.29,442.5,440.29,440.63
2022-11-09,440.03,440.29,439.38,440.29
2022-11-08,439.76,442.5,439.76,440.03
2022-11-07,439.38,442.5,439.38,439.76
2022-11-04,439.17,439.38,439.17,439.38
2022-11-03,438.87,439.17,438.87,439.17
2022-11-02,438.52,438.87,438.52,438.87
2022-11-01,438.35,442.5,438.35,438.52
2022-10-31,438.0,440.5,429.51,438.35
2022-10-28,437.66,438.0,437.66,438.0
2022-10-27,437.05,437.66,437.0,437.66
2022-10-26,437.18,437.18,437.05,437.05
2022-10-25,437.0,437.18,437.0,437.18
2022-10-24,436.61,440.5,436.6,437.0
2022-10-21,436.61,436.79,436.61,436.61
2022-10-20,436.48,436.61,436.48,436.61
2022-10-19,436.35,436.48,436.32,436.48
2022-10-18,435.56,436.35,435.55,436.35
2022-10-17,435.18,440.5,435.18,435.56
2022-10-14,435.2,435.2,435.18,435.18
2022-10-13,434.77,440.5,434.75,435.2
2022-10-12,434.28,441.5,434.27,434.77
2022-10-11,434.28,441.5,434.24,434.28
2022-10-10,433.72,434.28,433.72,434.28
2022-10-07,433.4,433.72,433.4,433.72
2022-10-06,432.37,433.4,432.35,433.4
2022-10-05,432.37,432.37,414.38,432.37
2022-10-04,432.35,435.5,432.35,432.37
2022-10-03,432.37,432.37,432.35,432.35
2022-09-30,432.04,432.37,432.02,432.37
2022-09-29,431.33,435.5,431.33,432.04
2022-09-28,431.33,431.33,431.3,431.33
2022-09-27,430.98,431.33,430.98,431.33
2022-09-26,430.55,435.5,430.55,430.98
2022-09-23,430.21,430.59,430.21,430.55
2022-09-22,429.87,430.21,429.85,430.21
2022-09-21,429.51,429.87,429.51,429.87
2022-09-20,429.18,429.51,429.15,429.51
2022-09-19,428.88,435.51,428.88,429.18
2022-09-16,428.61,435.5,428.6,428.88
2022-09-15,428.31,428.61,428.3,428.61
2022-09-14,428.01,435.5,428.0,428.31
2022-09-13,427.6,428.01,427.6,428.01
2022-09-12,427.26,435.5,419.5,427.6
2022-09-09,426.93,427.26,426.93,427.26
2022-09-08,426.11,426.93,426.05,426.93
2022-09-07,425.78,426.11,425.75,426.11
2022-09-06,423.42,425.78,423.4,425.78
2022-09-05,423.42,435.5,423.42,423.42
2022-09-02,422.96,423.42,422.95,423.42
2022-09-01,421.88,422.98,421.85,422.96
2022-08-31,422.88,422.88,421.88,421.88
2022-08-30,422.2,422.88,419.5,422.88
2022-08-29,422.2,428.5,422.2,422.2
2022-08-26,421.89,422.2,421.85,422.2
2022-08-25,421.58,421.89,421.55,421.89
2022-08-24,421.21,421.58,421.2,421.58
2022-08-23,420.9,425.5,420.9,421.21
2022-08-22,420.33,420.9,420.3,420.9
2022-08-19,420.33,420.33,420.3,420.33
2022-08-18,420.46,420.46,419.5,420.33
2022-08-17,419.39,420.46,419.38,420.46
2022-08-16,419.39,419.39,419.38,419.39
2022-08-15,419.22,425.5,419.2,419.39
2022-08-12,418.87,419.22,418.85,419.22
2022-08-11,418.69,418.87,418.69,418.87
2022-08-10,417.97,418.69,417.95,418.69
2022-08-09,417.97,417.97,417.95,417.97
2022-08-08,417.57,425.5,417.55,417.97
2022-08-05,417.19,417.57,417.18,417.57
2022-08-04,416.69,417.19,416.68,417.19
2022-08-03,416.4,416.69,416.38,416.69
2022-08-02,416.18,416.4,416.15,416.4
2022-08-01,415.87,416.18,415.85,416.18
2022-07-29,415.46,415.87,415.45,415.87
2022-07-28,415.64,415.65,415.46,415.46
2022-07-27,415.25,415.64,415.24,415.64
2022-07-26,415.25,415.25,415.2,415.25
2022-07-25,414.72,425.5,414.7,415.25
2022-07-22,415.4,415.42,414.72,414.72
2022-07-21,415.4,415.43,415.4,415.4
2022-07-20,415.4,415.43,415.4,415.4
2022-07-19,415.4,415.44,415.4,415.4
2022-07-18,415.4,425.5,415.4,415.4
2022-07-15,415.33,415.4,415.32,415.4
2022-07-14,415.33,415.33,415.33,415.33
2022-07-13,415.32,425.5,415.32,415.33
2022-07-12,415.33,415.33,415.32,415.32
2022-07-11,415.33,415.35,415.33,415.33
2022-07-08,415.26,415.33,415.25,415.33
2022-07-07,415.33,425.5,415.26,415.26
2022-07-06,415.3,425.5,415.29,415.33
2022-07-05,415.27,415.3,415.25,415.3
2022-07-04,415.27,419.5,415.27,415.27
2022-07-01,415.27,415.27,415.25,415.27
2022-06-30,415.1,415.27,415.08,415.27
2022-06-29,415.14,415.14,415.1,415.1
2022-06-28,415.0,415.14,415.0,415.14
2022-06-27,414.99,419.5,414.98,415.0
2022-06-24,415.09,419.5,414.99,414.99
2022-06-23,415.14,415.14,415.09,415.09
2022-06-22,415.25,415.27,415.14,415.14
2022-06-21,415.37,415.37,415.25,415.25
2022-06-20,415.37,419.5,415.37,415.37
2022-06-17,415.29,415.37,415.28,415.37
2022-06-16,415.22,415.29,414.29,415.29
2022-06-15,415.13,415.22,415.13,415.22
2022-06-14,415.13,419.5,415.12,415.13
2022-06-13,415.13,415.13,415.12,415.13
2022-06-10,415.13,415.13,415.12,415.13
2022-06-09,415.13,418.5,415.12,415.13
2022-06-08,415.13,415.13,415.12,415.13
2022-06-07,415.12,415.13,415.1,415.13
2022-06-06,415.12,415.12,415.12,415.12
2022-06-03,415.08,415.12,415.05,415.12
2022-06-02,415.15,415.15,415.08,415.08
2022-06-01,415.2,415.22,415.15,415.15
2022-05-31,415.22,415.22,415.2,415.2
2022-05-30,415.22,415.22,415.22,415.22
2022-05-27,415.22,415.22,415.2,415.22
2022-05-26,415.18,415.22,415.16,415.22
2022-05-25,415.18,415.18,415.15,415.18
2022-05-24,415.08,415.18,415.05,415.18
2022-05-23,415.12,415.5,415.08,415.08
2022-05-20,415.12,415.12,415.1,415.12
2022-05-19,415.18,415.18,415.12,415.12
2022-05-18,415.25,415.25,415.18,415.18
2022-05-17,415.25,415.3,415.25,415.25
2022-05-16,415.26,415.26,415.25,415.25
2022-05-13,415.33,415.33,415.26,415.26
2022-05-12,414.33,415.5,414.33,415.33
2022-05-11,414.33,414.33,414.3,414.33
2022-05-10,415.3,415.3,414.33,414.33
2022-05-09,415.19,415.5,415.09,415.3
2022-05-06,415.12,415.19,415.12,415.19
2022-05-05,415.19,415.19,415.12,415.12
2022-05-04,415.19,415.5,415.15,415.19
2022-05-03,415.19,415.19,415.18,415.19
2022-05-02,415.26,415.27,415.19,415.19
2022-04-29,415.33,415.33,415.26,415.26
2022-04-28,415.42,415.42,415.33,415.33
2022-04-27,415.48,415.48,415.42,415.42
2022-04-26,414.58,415.48,414.57,415.48
2022-04-25,415.58,415.58,414.58,414.58
2022-04-22,415.58,415.58,415.55,415.58
2022-04-21,415.5,415.58,415.5,415.58
2022-04-20,414.5,415.5,414.5,415.5
2022-04-19,414.5,414.52,414.5,414.5
2022-04-18,414.52,414.55,414.5,414.5
2022-04-15,414.53,414.53,414.52,414.52
2022-04-14,414.58,414.6,414.53,414.53
2022-04-13,414.59,414.6,414.58,414.58
2022-04-12,415.62,415.63,414.59,414.59
2022-04-11,415.65,415.65,415.62,415.62
2022-04-08,415.65,415.65,415.5,415.65
2022-04-07,415.72,415.75,415.65,415.65
2022-04-06,415.72,415.72,415.7,415.72
2022-04-05,415.72,415.73,415.72,415.72
2022-04-04,415.72,415.75,415.5,415.72
2022-04-01,415.75,415.75,415.72,415.72
2022-03-31,415.75,415.75,415.71,415.75
2022-03-30,415.75,415.75,415.75,415.75
2022-03-29,415.73,415.75,415.72,415.75
2022-03-28,415.75,415.75,415.5,415.73
2022-03-25,415.75,415.75,415.5,415.75
2022-03-24,415.75,416.32,411.0,415.75
2022-03-23,415.44,415.89,415.44,415.75
2022-03-22,415.89,417.09,415.23,415.44
2022-03-21,415.92,415.92,414.9,415.89
2022-03-18,416.26,416.26,414.63,415.92
2022-03-17,415.92,416.26,414.6,416.26
2022-03-16,415.95,416.67,415.5,415.92
2022-03-15,415.8,415.95,415.32,415.95
2022-03-14,415.84,415.85,415.37,415.8
2022-03-11,415.84,415.84,415.27,415.84
2022-03-10,415.84,415.85,415.84,415.84
2022-03-09,415.84,416.1,415.1,415.84
2022-03-08,415.77,415.84,415.11,415.84
2022-03-07,418.49,418.49,415.32,415.77
2022-03-04,415.96,418.49,415.91,418.49
2022-03-03,415.9,415.96,415.72,415.96
2022-03-02,416.09,417.04,415.87,415.9
2022-03-01,416.02,416.09,415.49,416.09
2022-02-28,415.56,417.04,415.5,416.02
2022-02-25,416.14,416.14,414.89,415.56
2022-02-24,415.96,416.14,415.96,416.14
2022-02-23,415.89,416.4,415.89,415.96
2022-02-22,415.98,415.98,415.89,415.89
2022-02-21,415.87,416.83,415.87,415.98
2022-02-18,415.87,416.53,415.87,415.87
2022-02-17,415.81,416.12,415.76,415.87
2022-02-16,415.81,416.15,415.76,415.81
2022-02-15,415.74,416.46,415.74,415.81
2022-02-14,417.01,418.67,415.49,415.74
2022-02-11,416.87,418.09,416.87,417.01
2022-02-10,416.75,417.05,416.75,416.87
2022-02-09,416.55,416.75,415.87,416.75
2022-02-08,416.38,416.55,415.5,416.55
2022-02-07,416.2,417.35,415.5,416.38
2022-02-04,416.04,416.2,416.04,416.2
2022-02-03,415.83,416.36,415.59,416.04
2022-02-02,414.76,415.88,414.76,415.83
2022-02-01,415.83,416.05,414.76,414.76
2022-01-31,415.66,415.83,415.5,415.83
2022-01-28,415.49,415.66,415.49,415.66
2022-01-27,415.32,415.49,415.32,415.49
2022-01-26,415.12,415.33,415.12,415.32
2022-01-25,415.85,415.85,414.46,415.12
2022-01-24,414.95,415.85,414.95,415.85
2022-01-21,414.95,415.01,411.11,414.95
2022-01-20,414.67,414.95,411.58,414.95
2022-01-19,414.5,414.67,411.04,414.67
2022-01-18,414.29,415.82,414.29,414.5
2022-01-17,414.29,415.71,411.39,414.29
2022-01-14,414.1,414.29,411.39,414.29
2022-01-13,413.94,414.12,411.15,414.1
2022-01-12,413.6,414.5,413.6,413.94
2022-01-11,413.64,413.64,410.93,413.6
2022-01-10,413.21,414.29,409.48,413.64
2022-01-07,413.04,413.21,411.54,413.21
2022-01-06,412.8,413.04,411.53,413.04
2022-01-05,412.74,413.41,411.15,412.8
2022-01-04,412.74,413.58,412.74,412.74
2022-01-03,411.95,412.74,409.59,412.74
2021-12-31,411.25,411.95,411.09,411.95
2021-12-30,411.2,412.7,411.11,411.25
2021-12-29,411.2,413.93,411.19,411.2
2021-12-28,411.2,411.2,410.83,411.2
2021-12-27,410.94,411.35,410.94,411.2
2021-12-24,411.18,411.18,410.94,410.94
2021-12-23,411.17,411.21,411.14,411.18
2021-12-22,411.16,411.17,410.94,411.17
2021-12-21,410.16,411.16,410.16,411.16
2021-12-20,410.16,413.94,410.16,410.16
2021-12-17,410.08,411.03,410.07,410.16
2021-12-16,409.98,413.13,409.97,410.08
2021-12-15,409.97,413.74,409.94,409.98
2021-12-14,410.2,413.92,409.97,409.97
2021-12-13,409.97,413.76,409.28,410.2
2021-12-10,411.88,411.88,409.97,409.97
2021-12-09,409.99,411.88,408.89,411.88
2021-12-08,411.07,411.25,409.97,409.99
2021-12-07,409.99,414.14,409.99,411.07
2021-12-06,409.98,413.67,409.98,409.99
2021-12-03,409.95,410.93,409.95,409.98
2021-12-02,409.91,411.14,409.91,409.95
2021-12-01,409.89,410.87,409.89,409.91
2021-11-30,409.89,411.01,409.89,409.89
2021-11-29,409.89,413.79,409.89,409.89
2021-11-26,411.4,411.55,409.89,409.89
2021-11-25,409.88,411.4,409.88,411.4
2021-11-24,409.88,411.14,409.85,409.88
2021-11-23,410.84,410.89,409.88,409.88
2021-11-22,410.84,413.82,410.84,410.84
2021-11-19,410.82,410.84,410.56,410.84
2021-11-18,411.83,411.83,410.82,410.82
2021-11-17,410.68,411.83,410.65,411.83
2021-11-16,410.67,411.05,410.65,410.68
2021-11-15,410.58,413.89,410.15,410.67
2021-11-12,410.62,411.63,410.58,410.58
2021-11-11,410.59,410.62,410.38,410.62
2021-11-10,410.57,410.59,410.47,410.59
2021-11-09,410.54,410.97,410.5,410.57
2021-11-08,410.52,413.64,409.5,410.54
2021-11-05,410.49,411.14,410.49,410.52
2021-11-04,410.46,413.83,410.42,410.49
2021-11-03,410.42,414.23,410.4,410.46
2021-11-02,410.3,412.82,410.3,410.42
2021-11-01,410.31,413.65,409.5,410.3
2021-10-29,410.25,411.1,410.25,410.31
2021-10-28,410.27,411.07,410.25,410.25
2021-10-27,410.24,411.71,410.23,410.27
2021-10-26,410.21,410.98,410.2,410.24
2021-10-25,410.91,413.74,410.21,410.21
2021-10-22,410.88,411.51,410.88,410.91
2021-10-21,410.82,410.96,410.2,410.88
2021-10-20,410.89,411.9,410.82,410.82
2021-10-19,410.91,412.52,410.89,410.89
2021-10-18,410.87,413.69,410.87,410.91
2021-10-15,410.85,411.6,410.81,410.87
2021-10-14,410.82,410.92,409.69,410.85
2021-10-13,410.87,412.75,410.8,410.82
2021-10-12,410.77,413.73,410.75,410.87
2021-10-11,410.81,413.79,410.58,410.77
2021-10-08,410.81,411.12,410.8,410.81
2021-10-07,410.34,412.25,410.25,410.81
2021-10-06,411.36,411.55,410.82,410.82
2021-10-05,410.8,411.36,410.8,411.36
2021-10-04,410.77,413.73,410.77,410.8
2021-10-01,410.8,411.68,410.77,410.77
2021-09-30,409.76,411.52,409.76,410.8
2021-09-29,409.76,413.5,409.76,409.76
2021-09-28,411.5,411.5,409.27,409.76
2021-09-27,411.5,413.5,411.43,411.5
2021-09-24,411.5,412.43,410.45,411.5
2021-09-23,411.5,414.35,411.5,411.5
2021-09-22,411.5,412.81,411.5,411.5
2021-09-21,411.85,411.85,411.0,411.5
2021-09-20,411.73,411.85,411.5,411.85
2021-09-17,411.92,412.23,411.73,411.73
2021-09-16,411.47,412.0,411.47,411.92
2021-09-15,411.5,411.5,411.47,411.47
2021-09-14,411.5,411.5,409.3,411.5
2021-09-13,411.43,412.66,411.43,411.5
2021-09-10,411.4,411.69,411.25,411.43
2021-09-09,411.3,411.85,410.75,411.4
2021-09-08,411.5,411.5,411.0,411.3
2021-09-07,411.52,411.79,410.75,411.5
2021-09-06,411.52,411.73,411.5,411.52
2021-09-03,411.5,411.9,410.75,411.52
2021-09-02,411.5,412.1,410.5,411.5
2021-09-01,411.5,412.03,410.57,411.5
2021-08-31,411.5,412.0,409.5,411.5
2021-08-30,411.5,412.01,410.14,411.5
2021-08-27,411.5,412.53,410.5,411.5
2021-08-26,411.55,411.55,411.01,411.5
2021-08-25,411.59,411.84,411.54,411.55
2021-08-24,411.55,411.59,409.49,411.59
2021-08-23,411.7,411.8,411.5,411.55
2021-08-20,411.8,411.8,411.5,411.7
2021-08-19,411.9,411.9,411.36,411.8
2021-08-18,411.7,412.0,411.7,411.9
2021-08-17,411.75,412.39,411.7,411.7
2021-08-16,411.5,411.75,409.88,411.75
2021-08-13,411.5,411.5,410.5,411.5
2021-08-12,411.58,411.58,409.5,411.5
2021-08-11,411.59,411.95,411.58,411.58
2021-08-10,411.42,412.04,411.42,411.59
2021-08-09,411.48,411.5,411.42,411.42
2021-08-06,411.5,412.21,411.48,411.48
2021-08-05,411.0,412.33,411.0,411.5
2021-08-04,411.5,412.4,411.0,411.0
2021-08-03,411.5,412.4,411.5,411.5
2021-08-02,411.47,412.61,411.25,411.5
2021-07-30,411.57,411.57,411.24,411.47
2021-07-29,411.5,411.57,410.11,411.57
2021-07-28,411.5,411.51,411.5,411.5
2021-07-27,411.5,411.5,410.55,411.5
2021-07-26,411.5,411.79,411.0,411.5
2021-07-23,411.0,412.0,411.0,411.5
2021-07-22,411.0,411.65,410.91,411.0
2021-07-21,411.0,412.0,411.0,411.0
2021-07-20,410.78,411.54,410.5,411.0
2021-07-19,411.5,411.75,410.5,410.78
2021-07-16,411.0,411.79,411.0,411.5
2021-07-15,411.0,411.5,409.26,411.5
2021-07-14,411.0,411.5,410.31,411.0
2021-07-13,410.5,411.93,410.49,411.0
2021-07-12,410.0,411.63,410.0,410.5
2021-07-09,410.5,411.49,410.0,410.0
2021-07-08,411.5,412.79,410.5,410.5
2021-07-07,411.5,412.13,411.25,411.5
2021-07-06,411.46,412.01,411.46,411.5
2021-07-05,411.5,411.5,410.62,411.46
2021-07-02,411.0,411.64,411.0,411.5
2021-07-01,411.5,411.5,411.0,411.0
2021-06-30,411.5,411.5,410.16,411.5
2021-06-29,410.5,411.5,410.12,411.5
2021-06-28,411.5,411.96,410.08,410.5
2021-06-25,410.5,411.5,410.04,411.5
2021-06-24,411.5,412.22,409.94,410.5
2021-06-23,411.38,411.5,409.66,411.5
2021-06-22,411.0,411.51,408.5,411.38
2021-06-21,410.0,411.73,410.0,411.0
2021-06-18,410.0,411.5,409.99,410.0
2021-06-17,410.5,412.51,408.47,410.0
2021-06-16,412.5,412.5,408.5,410.5
2021-06-15,412.5,413.5,408.5,412.5
2021-06-14,412.59,413.0,412.0,412.5
2021-06-11,412.0,413.0,410.25,412.59
2021-06-10,412.54,413.0,408.5,412.0
2021-06-09,412.0,413.0,410.25,412.54
2021-06-08,412.54,413.01,408.5,412.0
2021-06-07,411.5,412.55,408.5,412.55
2021-06-04,412.5,412.55,410.42,411.5
2021-06-03,413.0,413.0,409.18,413.0
2021-06-02,412.5,413.0,410.49,413.0
2021-06-01,413.0,413.0,409.91,413.0
2021-05-31,413.0,413.0,410.25,413.0
2021-05-28,412.5,413.21,407.5,413.0
2021-05-27,412.5,412.69,412.5,412.5
2021-05-26,412.5,412.6,408.75,412.5
2021-05-25,412.5,412.6,410.24,412.5
2021-05-24,412.5,413.79,410.25,412.5
2021-05-21,412.5,412.66,412.0,412.5
2021-05-20,412.5,412.8,409.32,412.5
2021-05-19,412.5,412.8,410.83,412.5
2021-05-18,412.5,413.1,407.49,412.5
2021-05-17,413.0,413.4,408.75,412.5
2021-05-14,380.0,413.0,380.0,413.0
2021-05-13,408.66,410.23,408.64,408.64
2021-05-12,380.5,409.94,380.5,408.66
2021-05-11,380.5,408.71,380.0,380.0
2021-05-10,380.5,410.63,380.0,380.0
2021-05-07,381.0,408.69,380.5,380.5
2021-05-06,380.5,408.78,380.0,381.0
2021-05-05,380.5,380.5,380.0,380.5
2021-05-04,380.5,408.66,380.0,380.5
2021-05-03,410.79,410.79,379.5,379.5
2021-04-30,381.0,408.63,380.0,380.0
2021-04-29,380.0,408.66,380.0,381.0
2021-04-28,379.5,408.69,379.5,380.0
2021-04-27,381.0,381.25,379.5,379.5
2021-04-26,381.0,381.5,380.75,381.0
2021-04-23,381.0,381.25,380.5,381.0
2021-04-22,380.5,408.58,380.5,381.0
2021-04-21,381.0,408.77,380.5,380.5
2021-04-20,380.0,381.25,380.0,380.5
2021-04-19,380.5,411.98,380.0,380.0
2021-04-16,381.0,410.62,380.5,380.5
2021-04-15,380.5,408.61,380.5,381.0
2021-04-14,382.0,382.0,380.5,380.5
2021-04-13,380.5,381.5,380.5,381.0
2021-04-12,381.05,381.25,380.5,380.5
2021-04-09,381.05,408.49,381.05,381.05
2021-04-08,381.05,408.73,381.05,381.05
2021-04-07,381.05,408.94,381.05,381.05
2021-04-06,409.36,410.0,381.05,381.05
2021-04-05,381.0,409.67,381.0,409.36
2021-04-02,381.0,381.0,380.5,381.0
2021-04-01,381.5,381.5,380.75,381.0
2021-03-31,380.5,409.41,380.0,381.5
2021-03-30,380.0,381.05,380.0,380.5
2021-03-29,380.0,409.9,379.5,380.0
2021-03-26,381.0,409.66,380.0,380.0
2021-03-25,380.5,381.05,380.0,381.0
2021-03-24,380.5,381.05,379.5,380.5
2021-03-23,380.0,411.63,380.0,380.5
2021-03-22,380.5,411.78,379.5,380.0
2021-03-19,380.5,410.38,380.5,380.5
2021-03-18,381.05,410.13,381.05,381.05
2021-03-17,380.0,410.16,380.0,381.05
2021-03-16,381.0,381.5,380.75,381.0
2021-03-15,381.0,409.87,380.5,380.5
2021-03-12,381.0,381.25,380.5,381.0
2021-03-11,380.5,411.85,380.5,381.0
2021-03-10,380.0,411.75,379.99,380.5
2021-03-09,381.05,412.17,380.0,380.0
2021-03-08,381.0,412.31,380.0,380.0
2021-03-05,380.0,411.56,380.0,381.0
2021-03-04,380.0,411.62,380.0,380.0
2021-03-03,381.0,381.25,380.0,380.0
2021-03-02,381.0,411.86,381.0,381.0
2021-03-01,381.08,396.72,380.0,380.0
2021-02-26,381.08,381.25,381.08,381.08
2021-02-25,381.1,381.25,381.08,381.08
2021-02-24,381.1,381.25,380.75,381.1
2021-02-23,381.1,381.25,381.1,381.1
2021-02-22,381.1,381.25,381.1,381.1
2021-02-19,381.1,381.25,381.1,381.1
2021-02-18,381.15,381.15,381.1,381.1
2021-02-17,381.15,381.25,381.15,381.15
2021-02-16,381.15,381.25,381.15,381.15
2021-02-15,381.15,381.25,381.15,381.15
2021-02-12,381.2,381.2,381.15,381.15
2021-02-11,381.2,381.25,381.2,381.2
2021-02-10,381.2,381.25,380.75,381.2
2021-02-09,381.2,381.25,381.2,381.2
2021-02-08,381.2,381.25,381.2,381.2
2021-02-05,381.2,381.25,381.2,381.2
2021-02-04,381.2,381.25,381.2,381.2
2021-02-03,381.2,381.25,381.2,381.2
2021-02-02,381.2,381.25,380.75,381.2
2021-02-01,381.2,381.2,381.2,381.2
2021-01-29,381.2,381.2,381.2,381.2
2021-01-28,381.18,381.2,381.18,381.2
2021-01-27,381.2,381.25,380.75,381.18
2021-01-26,381.2,381.25,381.2,381.2
2021-01-25,381.2,381.25,381.2,381.2
2021-01-22,381.2,381.2,381.2,381.2
2021-01-21,381.2,381.25,381.2,381.2
2021-01-20,381.2,381.25,381.2,381.2
2021-01-19,381.2,381.25,380.25,381.2
2021-01-18,381.2,381.25,381.2,381.2
2021-01-15,381.2,381.25,381.2,381.2
2021-01-14,381.2,381.25,381.2,381.2
2021-01-13,381.2,381.2,380.25,381.2
2021-01-12,381.2,381.2,380.25,381.2
2021-01-11,381.2,381.25,381.2,381.2
2021-01-08,381.2,381.25,380.25,381.2
2021-01-07,381.2,381.25,381.2,381.2
2021-01-06,381.2,381.2,380.25,381.2
2021-01-05,381.2,381.2,381.2,381.2
2021-01-04,381.2,381.25,381.2,381.2
2021-01-01,381.2,381.2,381.2,381.2
2020-12-31,381.2,381.2,381.2,381.2
2020-12-30,381.2,381.2,381.18,381.2
2020-12-29,381.2,381.25,380.25,381.2
2020-12-28,381.2,381.2,381.2,381.2
2020-12-25,381.2,381.2,381.2,381.2
2020-12-24,381.2,381.2,381.2,381.2
2020-12-23,381.2,381.2,381.2,381.2
2020-12-22,381.2,381.25,381.2,381.2
2020-12-21,381.2,381.25,381.2,381.2
2020-12-18,381.2,381.25,380.25,381.2
2020-12-17,381.2,381.2,380.25,381.2
2020-12-16,381.2,381.25,380.75,381.2
2020-12-15,381.2,381.25,380.75,381.2
2020-12-14,381.2,381.25,380.25,381.2
2020-12-11,381.2,381.2,380.75,381.2
2020-12-10,381.2,381.2,380.75,381.2
2020-12-09,381.2,381.25,381.2,381.2
2020-12-08,381.2,381.25,380.75,381.2
2020-12-07,381.2,381.25,380.75,381.2
2020-12-04,381.2,381.2,380.75,381.2
2020-12-03,381.2,381.2,381.2,381.2
2020-12-02,381.2,381.25,381.2,381.2
2020-12-01,381.2,381.2,381.2,381.2
2020-11-30,381.2,381.25,381.2,381.2
2020-11-27,381.2,381.2,381.2,381.2
2020-11-26,381.2,381.2,381.2,381.2
2020-11-25,381.2,381.2,381.19,381.2
2020-11-24,381.2,381.2,381.2,381.2
2020-11-23,381.2,381.25,380.25,381.2
2020-11-20,381.2,381.2,380.25,381.2
2020-11-19,381.2,381.2,380.75,381.2
2020-11-17,381.2,381.25,380.25,381.2
2020-11-16,381.2,382.35,381.2,381.2
2020-11-13,379.5,385.69,379.5,381.2
2020-11-12,381.2,381.25,379.5,379.5
2020-11-11,380.0,386.59,380.0,381.2
2020-11-10,380.0,381.2,379.5,379.5
2020-11-09,382.0,385.78,380.0,380.0
2020-11-06,383.0,383.99,382.0,382.0
2020-11-05,383.0,385.2,382.5,383.0
2020-11-04,383.0,385.47,382.5,383.0
2020-11-03,381.5,385.76,381.5,383.0
2020-11-02,380.5,385.79,380.0,381.5
2020-10-30,381.0,387.46,380.44,381.0
2020-10-29,380.5,386.3,379.82,381.0
2020-10-28,381.01,381.92,380.5,380.5
2020-10-27,381.0,382.08,379.5,381.01
2020-10-26,381.0,381.98,381.0,381.0
2020-10-23,381.0,382.54,381.0,381.0
2020-10-22,381.5,381.6,381.0,381.0
2020-10-21,380.5,382.85,380.5,381.5
2020-10-20,380.5,383.5,380.0,380.5
2020-10-19,381.0,383.5,379.79,380.5
2020-10-16,380.0,383.7,379.91,381.0
2020-10-15,381.0,383.58,380.0,380.0
2020-10-14,381.0,381.0,380.48,381.0
2020-10-13,383.54,383.54,381.0,381.0
2020-10-12,383.0,383.54,383.0,383.54
2020-10-09,383.0,383.54,383.0,383.0
2020-10-08,384.95,385.91,383.0,383.0
2020-10-07,383.0,386.44,383.0,384.95
2020-10-06,383.0,384.97,383.0,383.0
2020-10-05,382.5,386.91,382.5,383.5
2020-10-02,382.5,384.06,381.3,383.0
2020-10-01,381.0,382.5,380.7,382.5
2020-09-30,383.0,385.65,380.0,381.0
2020-09-29,383.0,385.28,382.5,383.0
2020-09-28,380.5,385.44,380.0,380.0
2020-09-25,381.0,387.06,380.5,380.5
2020-09-24,387.49,388.66,381.0,381.0
2020-09-23,381.5,387.49,381.5,387.49
2020-09-22,381.0,385.72,381.0,381.5
2020-09-21,383.0,385.69,383.0,384.5
2020-09-18,384.5,385.43,383.69,384.0
2020-09-17,384.5,388.48,384.5,384.5
2020-09-16,383.5,387.59,383.0,383.5
2020-09-15,383.5,385.67,382.5,383.5
2020-09-14,381.0,385.54,381.0,383.5
2020-09-11,381.0,383.6,381.0,381.0
2020-09-10,380.5,383.52,380.5,381.0
2020-09-09,383.5,384.34,380.5,380.5
2020-09-08,386.69,387.12,381.5,383.5
2020-09-07,381.5,386.69,381.5,386.69
2020-09-04,381.0,385.58,381.0,381.5
2020-09-03,386.28,387.29,381.0,381.0
2020-09-02,386.39,389.11,386.28,386.28
2020-09-01,385.18,386.39,384.79,386.39
2020-08-31,387.46,387.46,385.18,385.18
2020-08-28,386.72,387.46,386.26,387.46
2020-08-27,386.02,387.05,385.31,386.72
2020-08-26,386.06,386.06,386.02,386.02
2020-08-25,385.84,386.83,385.84,386.06
2020-08-24,386.52,386.59,385.84,385.84
2020-08-21,386.59,386.59,385.17,386.52
2020-08-20,385.39,388.47,385.39,386.59
2020-08-19,382.5,385.39,382.01,385.39
2020-08-18,381.0,384.22,380.5,380.5
2020-08-17,386.23,386.23,380.5,380.5
2020-08-14,380.5,386.24,380.5,386.23
2020-08-13,381.5,386.22,380.5,380.5
2020-08-12,380.5,385.62,380.5,381.5
2020-08-11,378.5,386.67,378.5,380.5
2020-08-10,378.5,386.86,378.5,378.5
2020-08-07,379.0,385.82,378.5,378.5
2020-08-06,386.39,388.53,380.0,380.5
2020-08-05,379.5,386.39,379.5,386.39
2020-08-04,379.5,386.59,379.5,379.5
2020-08-03,384.0,388.47,377.49,379.5
2020-07-31,382.0,388.18,382.0,388.18
2020-07-30,387.5,388.0,381.0,382.0
2020-07-29,388.0,389.29,386.78,387.5
2020-07-28,388.0,388.71,387.5,388.0
2020-07-27,387.5,390.08,387.49,388.0
2020-07-24,388.0,388.0,386.19,387.5
2020-07-23,388.0,388.19,386.36,388.0
2020-07-22,387.5,388.0,383.24,388.0
2020-07-21,388.0,388.77,386.3,387.5
2020-07-20,387.5,388.51,387.5,388.0
2020-07-17,388.0,388.8,386.68,387.5
2020-07-16,387.5,388.0,386.25,388.0
2020-07-15,387.0,388.14,386.06,387.5
2020-07-14,387.5,387.51,386.92,387.0
2020-07-13,387.5,387.52,387.0,387.5
2020-07-10,388.0,388.09,387.0,387.0
2020-07-09,387.5,388.0,386.04,388.0
2020-07-08,387.5,388.05,387.5,387.5
2020-07-07,387.5,387.65,385.25,387.5
2020-07-06,388.0,388.0,386.32,387.5
2020-07-03,388.0,388.84,387.5,388.0
2020-07-02,387.5,388.0,386.41,388.0
2020-07-01,388.0,388.29,385.29,387.5
2020-06-30,387.5,388.0,386.36,388.0
2020-06-29,387.5,388.0,386.64,388.0
2020-06-26,387.5,387.5,387.33,387.5
2020-06-25,388.0,388.77,387.5,387.5
2020-06-24,388.0,388.0,385.49,387.5
2020-06-23,388.0,388.0,386.49,388.0
2020-06-22,387.5,388.0,385.48,388.0
2020-06-19,387.5,388.0,386.4,387.5
2020-06-18,387.5,388.0,361.51,387.5
2020-06-17,387.5,388.0,386.61,387.5
2020-06-16,387.5,388.0,385.01,387.5
2020-06-15,387.5,388.13,387.5,388.0
2020-06-12,389.24,389.24,387.5,387.5
2020-06-11,387.5,389.23,386.7,389.23
2020-06-10,387.5,388.0,384.79,388.0
2020-06-09,388.0,388.01,386.84,387.5
2020-06-08,387.5,388.0,387.5,387.5
2020-06-05,387.5,388.22,387.5,387.5
2020-06-04,387.5,388.01,386.39,387.5
2020-06-03,387.5,388.13,387.5,387.5
2020-06-02,387.5,388.0,361.25,387.5
2020-06-01,387.5,387.5,360.5,387.5
2020-05-29,387.5,387.5,386.57,387.5
2020-05-28,390.5,390.5,382.86,387.01
2020-05-27,390.01,390.5,382.59,390.5
2020-05-26,390.57,390.57,390.0,390.0
2020-05-25,390.5,390.57,390.5,390.57
2020-05-22,390.0,390.5,387.95,390.5
2020-05-21,389.99,390.5,387.73,390.5
2020-05-20,390.25,391.07,388.5,390.0
2020-05-19,390.0,390.51,390.0,390.01
2020-05-18,387.01,390.0,386.09,390.0
2020-05-15,390.0,390.0,386.22,387.01
2020-05-14,389.75,390.28,389.75,390.0
2020-05-13,390.98,390.98,389.49,389.5
2020-05-12,389.99,390.98,360.25,390.98
2020-05-11,390.0,390.06,360.5,390.0
2020-05-08,389.5,390.0,389.5,390.0
2020-05-07,390.0,390.0,366.85,390.0
2020-05-06,389.5,390.01,378.4,390.0
2020-05-05,390.0,390.68,389.75,390.0
2020-05-04,389.51,390.0,389.5,390.0
2020-05-01,389.99,390.01,389.51,389.51
2020-04-30,389.5,390.0,389.2,390.0
2020-04-29,389.5,391.47,389.5,389.5
2020-04-28,390.0,390.01,360.5,389.5
2020-04-27,390.0,390.14,360.5,360.5
2020-04-24,390.0,390.36,360.25,360.5
2020-04-23,390.0,391.13,389.5,390.0
2020-04-22,360.5,389.5,360.5,389.5
2020-04-21,389.5,389.5,360.5,360.5
2020-04-20,386.5,389.5,382.32,389.5
2020-04-17,386.5,386.57,386.41,386.43
2020-04-16,386.0,387.0,386.0,387.0
2020-04-15,386.0,386.5,385.0,386.5
2020-04-14,387.0,388.0,386.5,386.5
2020-04-13,367.0,387.0,367.0,387.0
2020-04-09,367.0,367.0,367.0,367.0
2020-04-08,367.0,367.0,367.0,367.0
2020-04-07,367.0,367.0,367.0,367.0
2020-04-06,367.0,367.0,367.0,367.0
2020-04-02,367.0,367.0,367.0,367.0
2020-04-01,367.0,367.0,367.0,367.0
2020-03-31,367.0,367.0,367.0,367.0
2020-03-30,367.0,367.0,367.0,367.0
2020-03-29,377.97,377.97,367.0,367.0
2020-03-26,377.97,377.97,377.97,377.97
2020-03-25,377.97,377.97,377.97,377.97
2020-03-24,377.97,377.97,377.97,377.97
2020-03-23,377.97,377.97,377.97,377.97
2020-03-20,366.52,369.53,366.52,369.53
2020-03-19,367.0,370.42,366.52,366.52
2020-03-18,366.5,369.17,366.5,367.0
2020-03-17,366.0,369.03,366.0,366.5
2020-03-16,365.5,369.98,365.5,366.0
2020-03-13,366.5,369.94,365.0,365.5
2020-03-12,365.5,369.97,365.5,366.5
2020-03-11,366.5,368.4,365.5,365.5
2020-03-10,366.0,367.83,366.0,366.5
2020-03-09,365.0,367.49,363.73,366.5
2020-03-06,365.5,367.04,364.56,365.0
2020-03-05,365.0,366.36,362.8,365.5
2020-03-04,365.5,365.5,362.67,365.5
2020-03-03,364.5,365.78,364.49,365.5
2020-03-02,365.5,366.5,360.84,365.5
2020-02-28,366.0,366.0,362.75,365.5
2020-02-27,365.5,366.0,362.36,366.0
2020-02-26,366.0,366.0,361.27,365.5
2020-02-25,363.5,365.5,362.63,365.5
2020-02-24,363.5,365.75,362.17,363.5
2020-02-21,363.5,365.38,363.0,363.5
2020-02-20,363.5,365.36,363.5,363.5
2020-02-19,363.5,366.24,363.5,363.5
2020-02-18,363.0,365.65,363.0,363.5
2020-02-17,363.0,365.28,363.0,363.0
2020-02-14,363.5,365.98,363.0,363.0
2020-02-13,363.0,366.84,363.0,363.5
2020-02-12,363.5,365.5,363.0,363.0
2020-02-11,363.5,366.21,363.0,363.5
2020-02-10,363.5,365.3,363.0,363.5
2020-02-07,363.0,365.34,363.0,363.5
2020-02-06,363.5,365.29,363.0,363.0
2020-02-05,363.5,364.93,362.5,363.5
2020-02-04,363.7,364.62,361.5,363.5
2020-02-03,361.5,363.7,361.5,363.7
2020-01-31,361.5,363.71,361.49,361.5
2020-01-30,362.5,363.18,361.5,361.5
2020-01-29,362.5,363.45,361.5,362.5
2020-01-28,362.5,363.26,361.5,361.5
2020-01-27,362.5,362.8,361.5,362.5
2020-01-24,361.5,362.9,361.5,362.5
2020-01-23,362.0,362.0,361.41,361.5
2020-01-22,362.0,363.0,361.71,362.0
2020-01-21,362.5,362.76,361.74,362.0
2020-01-20,361.74,362.94,361.5,362.5
2020-01-17,361.5,361.94,361.5,361.74
2020-01-16,362.5,362.51,361.17,361.5
2020-01-15,362.0,362.51,361.5,362.5
2020-01-14,362.5,362.5,361.85,362.5
2020-01-13,361.5,362.92,361.5,362.5
2020-01-10,362.5,362.87,361.5,362.5
2020-01-09,361.5,362.7,361.49,362.5
2020-01-08,362.5,364.48,361.5,361.5
2020-01-07,362.5,364.69,362.0,362.5
2020-01-06,361.5,364.4,361.5,362.5
2020-01-03,362.51,364.55,361.5,361.5
2020-01-02,366.12,366.12,362.5,362.5
2019-12-31,362.5,366.12,362.5,366.12
2019-12-30,362.5,364.28,361.5,361.5
2019-12-27,361.5,364.23,361.5,362.5
2019-12-26,362.55,362.55,361.5,361.5
2019-12-24,362.5,362.55,362.5,362.55
2019-12-23,362.5,364.47,361.5,361.5
2019-12-20,361.5,363.96,361.49,362.5
2019-12-19,361.5,364.12,361.5,361.5
2019-12-18,364.05,364.19,361.5,361.5
2019-12-17,362.5,364.05,362.5,364.05
2019-12-16,362.5,365.38,362.0,362.5
2019-12-13,361.5,363.65,361.25,362.5
2019-12-12,361.5,362.5,361.44,361.5
2019-12-11,362.5,363.34,361.5,361.5
2019-12-10,361.5,363.04,361.5,362.5
2019-12-09,362.5,363.9,361.5,361.5
2019-12-06,362.25,362.76,361.5,362.5
2019-12-05,362.51,362.66,361.5,361.5
2019-12-04,362.5,362.59,362.5,362.5
2019-12-03,362.0,362.74,360.61,362.5
2019-12-02,362.5,362.84,361.95,362.0
2019-11-29,362.95,362.95,362.0,362.5
2019-11-28,362.5,362.99,362.5,362.95
2019-11-27,362.0,363.01,362.0,362.5
2019-11-26,362.5,362.7,362.27,362.5
2019-11-25,361.5,363.61,361.5,362.5
2019-11-22,362.5,363.63,361.5,361.5
2019-11-21,362.5,362.97,361.5,362.5
2019-11-20,361.5,362.9,361.49,362.5
2019-11-19,362.5,362.88,361.5,361.5
2019-11-18,361.5,362.5,361.5,362.5
2019-11-15,361.0,362.81,361.0,361.5
2019-11-14,361.5,362.84,361.0,361.0
2019-11-13,361.0,362.84,361.0,361.5
2019-11-12,361.5,362.59,361.0,361.0
2019-11-11,362.0,362.85,361.5,361.5
2019-11-08,362.0,363.56,361.5,362.0
2019-11-07,361.5,362.71,361.5,362.0
2019-11-06,362.5,363.6,361.5,361.5
2019-11-05,362.0,363.12,362.0,362.5
2019-11-04,362.0,363.0,361.84,362.0
2019-11-01,363.0,363.0,362.0,362.0
2019-10-31,360.5,363.0,360.5,363.0
2019-10-30,360.5,362.3,360.49,361.5
2019-10-29,361.5,361.71,360.5,360.5
2019-10-28,361.5,362.75,361.5,361.5
2019-10-25,362.5,362.5,361.0,361.5
2019-10-24,361.5,362.5,360.78,362.5
2019-10-23,362.0,362.86,362.0,362.0
2019-10-22,361.5,362.1,361.5,362.0
2019-10-21,361.5,362.5,360.97,362.5
2019-10-18,362.0,362.5,361.78,362.5
2019-10-17,361.5,362.0,360.66,362.0
2019-10-16,361.5,362.32,361.5,362.0
2019-10-15,362.35,362.99,361.0,361.5
2019-10-14,361.0,362.49,361.0,362.35
2019-10-11,362.0,362.76,361.0,361.0
2019-10-10,360.5,362.68,360.5,362.0
2019-10-09,360.5,363.64,360.5,360.5
2019-10-08,362.0,362.98,360.5,360.5
2019-10-07,361.5,363.11,361.5,362.0
2019-10-04,361.0,363.07,361.0,361.5
2019-10-03,361.45,362.53,361.0,361.0
2019-10-02,361.99,362.78,361.0,361.44
2019-10-01,362.3,363.15,361.0,362.0
2019-09-30,362.0,363.14,361.49,362.21
2019-09-27,361.0,363.16,360.99,362.0
2019-09-26,360.5,363.66,360.49,361.0
2019-09-25,361.0,362.34,360.5,360.5
2019-09-24,361.5,361.5,361.0,361.0
2019-09-23,360.5,362.31,360.5,361.5
2019-09-20,360.0,362.94,359.5,360.5
2019-09-19,360.5,362.73,360.0,360.0
2019-09-18,360.0,362.32,359.5,360.5
2019-09-17,360.5,362.67,360.0,360.0
2019-09-16,361.5,361.78,360.0,361.0
2019-09-13,362.5,363.0,361.41,361.5
2019-09-12,362.5,362.5,362.5,362.5
2019-09-11,362.5,363.0,361.16,363.0
2019-09-10,361.07,362.5,361.05,362.5
2019-09-09,363.0,363.0,358.93,361.07
2019-09-06,362.5,363.0,362.44,363.0
2019-09-05,362.0,362.5,361.67,362.5
2019-09-04,362.5,362.5,361.37,362.0
2019-09-03,362.63,363.0,362.5,362.5
2019-09-02,363.0,364.42,362.63,362.63
2019-08-30,363.0,363.01,362.0,362.0
2019-08-29,363.0,363.13,362.0,363.0
2019-08-28,306.7,363.01,306.5,363.0
2019-08-27,306.7,307.25,306.4,306.5
2019-08-26,362.23,362.23,306.41,306.45
2019-08-23,362.36,362.36,361.7,362.23
2019-08-22,362.52,362.98,362.36,362.36
2019-08-21,362.53,362.53,362.0,362.51
2019-08-20,363.77,363.77,362.53,362.53
2019-08-19,363.7,363.77,363.27,363.77
2019-08-16,363.66,365.16,363.66,363.7
2019-08-15,363.17,364.44,363.17,363.66
2019-08-14,363.76,365.05,363.17,363.17
2019-08-13,363.83,363.83,363.14,363.76
2019-08-12,362.5,363.84,362.5,363.83
2019-08-09,362.0,363.88,362.0,363.0
2019-08-08,363.0,363.0,362.0,363.0
2019-08-07,363.5,363.5,362.5,363.0
2019-08-06,362.5,363.5,362.49,363.5
2019-08-05,361.5,362.5,361.49,362.5
2019-08-02,360.01,361.95,359.5,361.5
2019-08-01,360.0,364.65,360.0,360.0
2019-07-31,360.25,362.29,359.99,360.0
2019-07-30,360.0,362.22,360.0,360.0
2019-07-29,360.0,360.01,359.99,360.0
2019-07-26,360.0,362.11,360.0,360.0
2019-07-25,360.0,362.16,360.0,360.0
2019-07-24,360.0,361.84,359.5,360.0
2019-07-23,360.0,361.06,360.0,360.0
2019-07-22,360.0,362.41,360.0,360.0
2019-07-19,360.0,361.76,359.77,360.0
2019-07-18,360.0,360.5,360.0,360.0
2019-07-17,361.81,362.11,359.5,360.0
2019-07-16,359.5,361.81,359.5,361.81
2019-07-15,360.0,360.22,360.0,360.0
2019-07-12,360.0,360.73,359.5,360.0
2019-07-11,360.0,360.0,358.67,360.0
2019-07-10,359.5,360.18,359.5,360.0
2019-07-09,360.5,360.5,360.0,360.0
2019-07-08,360.0,361.62,360.0,360.5
2019-07-05,360.29,360.5,360.0,360.0
2019-07-04,360.0,361.17,360.0,360.29
2019-07-03,360.74,360.78,360.0,360.0
2019-07-02,362.24,362.37,360.0,360.88
2019-07-01,360.0,362.24,360.0,362.24
2019-06-28,360.0,360.75,360.0,360.0
2019-06-27,360.0,360.61,359.5,360.0
2019-06-26,360.67,361.04,360.0,360.51
2019-06-25,360.0,360.67,360.0,360.67
2019-06-24,360.0,360.37,358.03,360.0
2019-06-21,360.0,360.79,359.56,360.0
2019-06-20,360.0,360.46,359.58,360.0
2019-06-19,360.0,360.66,359.75,360.0
2019-06-18,361.0,361.0,184.28,360.0
2019-06-17,360.0,362.35,360.0,361.0
2019-06-14,360.0,360.0,359.99,360.0
2019-06-13,360.5,360.5,359.5,360.0
2019-06-12,360.0,360.0,360.0,360.0
2019-06-11,306.7,360.36,184.28,184.28
2019-06-10,306.45,307.2,306.4,306.4
2019-06-07,306.55,307.2,306.4,306.45
2019-06-06,306.45,307.2,306.4,306.4
2019-06-04,306.58,306.71,306.46,306.46
2019-06-03,360.0,360.0,306.45,306.45
2019-05-31,360.0,360.99,360.0,360.0
2019-05-30,360.5,360.69,359.5,360.0
2019-05-29,360.29,360.29,359.72,360.0
2019-05-28,360.24,360.24,359.48,360.0
2019-05-27,360.0,360.24,359.58,360.24
2019-05-24,360.0,360.5,358.71,360.0
2019-05-23,361.01,361.02,360.0,360.0
2019-05-22,360.01,361.01,359.93,361.01
2019-05-21,360.0,360.53,359.83,360.01
2019-05-20,360.5,360.6,360.0,360.0
2019-05-17,360.5,361.31,360.5,360.5
2019-05-16,360.5,360.5,359.89,360.5
2019-05-15,360.0,361.58,360.0,360.0
2019-05-14,360.0,361.07,359.5,360.0
2019-05-13,360.0,361.01,359.0,360.0
2019-05-10,360.0,360.0,359.13,360.0
2019-05-09,360.0,361.46,360.0,360.0
2019-05-08,360.0,361.28,359.5,360.0
2019-05-07,360.0,361.69,359.47,360.0
2019-05-06,360.0,361.78,359.72,360.0
2019-05-03,361.67,362.73,360.0,360.0
2019-05-02,359.38,361.67,359.38,361.67
2019-05-01,359.53,359.53,359.38,359.38
2019-04-30,360.5,360.5,358.49,359.53
2019-04-29,360.5,360.5,359.11,360.5
2019-04-25,360.0,362.06,360.0,360.5
2019-04-24,360.0,360.0,360.0,360.0
2019-04-23,360.0,360.0,360.0,360.0
2019-04-22,360.0,360.0,360.0,360.0
2019-04-18,360.0,360.0,360.0,360.0
2019-04-17,360.0,360.0,360.0,360.0
2019-04-16,360.0,360.0,360.0,360.0
2019-04-15,360.0,360.0,360.0,360.0
2019-04-12,360.0,360.0,360.0,360.0
2019-04-11,360.0,360.0,360.0,360.0
2019-04-10,360.0,360.0,360.0,360.0
2019-04-09,360.0,360.0,360.0,360.0
2019-04-08,360.0,360.0,360.0,360.0
2019-04-05,360.5,360.5,360.5,360.5
2019-04-04,360.0,360.0,360.0,360.0
2019-04-03,360.0,360.0,360.0,360.0
2019-04-02,359.5,359.5,359.5,359.5
2019-04-01,360.0,360.0,360.0,360.0
2019-03-29,360.0,360.0,360.0,360.0
2019-03-28,360.77,360.77,360.77,360.77
2019-03-27,360.0,360.0,360.0,360.0
2019-03-26,360.0,360.0,360.0,360.0
2019-03-25,359.5,359.5,359.5,359.5
2019-03-22,359.0,359.0,359.0,359.0
2019-03-21,359.5,359.5,359.5,359.5
2019-03-20,360.5,360.5,360.5,360.5
2019-03-19,360.5,360.5,360.5,360.5
2019-03-18,360.0,360.0,360.0,360.0
2019-03-15,360.5,360.5,360.5,360.5
2019-03-14,359.5,359.5,359.5,359.5
2019-03-13,359.5,359.5,359.5,359.5
2019-03-12,359.5,359.5,359.5,359.5
2019-03-11,359.5,359.5,359.5,359.5
2019-03-08,359.0,359.0,359.0,359.0
2019-03-07,360.0,360.0,360.0,360.0
2019-03-06,359.5,359.5,359.5,359.5
2019-03-05,360.0,360.0,360.0,360.0
2019-03-04,360.5,360.5,360.5,360.5
2019-03-01,361.5,361.5,361.5,361.5
2019-02-28,361.0,361.0,361.0,361.0
2019-02-27,361.5,361.5,361.5,361.5
