Date,M1SL
2014-05-01,2785.3
2014-05-02,2785.3
2014-05-03,2785.3
2014-05-04,2785.3
2014-05-05,2785.3
2014-05-06,2785.3
2014-05-07,2785.3
2014-05-08,2785.3
2014-05-09,2785.3
2014-05-10,2785.3
2014-05-11,2785.3
2014-05-12,2785.3
2014-05-13,2785.3
2014-05-14,2785.3
2014-05-15,2785.3
2014-05-16,2785.3
2014-05-17,2785.3
2014-05-18,2785.3
2014-05-19,2785.3
2014-05-20,2785.3
2014-05-21,2785.3
2014-05-22,2785.3
2014-05-23,2785.3
2014-05-24,2785.3
2014-05-25,2785.3
2014-05-26,2785.3
2014-05-27,2785.3
2014-05-28,2785.3
2014-05-29,2785.3
2014-05-30,2785.3
2014-05-31,2785.3
2014-06-01,2817.2
2014-06-02,2817.2
2014-06-03,2817.2
2014-06-04,2817.2
2014-06-05,2817.2
2014-06-06,2817.2
2014-06-07,2817.2
2014-06-08,2817.2
2014-06-09,2817.2
2014-06-10,2817.2
2014-06-11,2817.2
2014-06-12,2817.2
2014-06-13,2817.2
2014-06-14,2817.2
2014-06-15,2817.2
2014-06-16,2817.2
2014-06-17,2817.2
2014-06-18,2817.2
2014-06-19,2817.2
2014-06-20,2817.2
2014-06-21,2817.2
2014-06-22,2817.2
2014-06-23,2817.2
2014-06-24,2817.2
2014-06-25,2817.2
2014-06-26,2817.2
2014-06-27,2817.2
2014-06-28,2817.2
2014-06-29,2817.2
2014-06-30,2817.2
2014-07-01,2837.3
2014-07-02,2837.3
2014-07-03,2837.3
2014-07-04,2837.3
2014-07-05,2837.3
2014-07-06,2837.3
2014-07-07,2837.3
2014-07-08,2837.3
2014-07-09,2837.3
2014-07-10,2837.3
2014-07-11,2837.3
2014-07-12,2837.3
2014-07-13,2837.3
2014-07-14,2837.3
2014-07-15,2837.3
2014-07-16,2837.3
2014-07-17,2837.3
2014-07-18,2837.3
2014-07-19,2837.3
2014-07-20,2837.3
2014-07-21,2837.3
2014-07-22,2837.3
2014-07-23,2837.3
2014-07-24,2837.3
2014-07-25,2837.3
2014-07-26,2837.3
2014-07-27,2837.3
2014-07-28,2837.3
2014-07-29,2837.3
2014-07-30,2837.3
2014-07-31,2837.3
2014-08-01,2787.0
2014-08-02,2787.0
2014-08-03,2787.0
2014-08-04,2787.0
2014-08-05,2787.0
2014-08-06,2787.0
2014-08-07,2787.0
2014-08-08,2787.0
2014-08-09,2787.0
2014-08-10,2787.0
2014-08-11,2787.0
2014-08-12,2787.0
2014-08-13,2787.0
2014-08-14,2787.0
2014-08-15,2787.0
2014-08-16,2787.0
2014-08-17,2787.0
2014-08-18,2787.0
2014-08-19,2787.0
2014-08-20,2787.0
2014-08-21,2787.0
2014-08-22,2787.0
2014-08-23,2787.0
2014-08-24,2787.0
2014-08-25,2787.0
2014-08-26,2787.0
2014-08-27,2787.0
2014-08-28,2787.0
2014-08-29,2787.0
2014-08-30,2787.0
2014-08-31,2787.0
2014-09-01,2861.2
2014-09-02,2861.2
2014-09-03,2861.2
2014-09-04,2861.2
2014-09-05,2861.2
2014-09-06,2861.2
2014-09-07,2861.2
2014-09-08,2861.2
2014-09-09,2861.2
2014-09-10,2861.2
2014-09-11,2861.2
2014-09-12,2861.2
2014-09-13,2861.2
2014-09-14,2861.2
2014-09-15,2861.2
2014-09-16,2861.2
2014-09-17,2861.2
2014-09-18,2861.2
2014-09-19,2861.2
2014-09-20,2861.2
2014-09-21,2861.2
2014-09-22,2861.2
2014-09-23,2861.2
2014-09-24,2861.2
2014-09-25,2861.2
2014-09-26,2861.2
2014-09-27,2861.2
2014-09-28,2861.2
2014-09-29,2861.2
2014-09-30,2861.2
2014-10-01,2880.4
2014-10-02,2880.4
2014-10-03,2880.4
2014-10-04,2880.4
2014-10-05,2880.4
2014-10-06,2880.4
2014-10-07,2880.4
2014-10-08,2880.4
2014-10-09,2880.4
2014-10-10,2880.4
2014-10-11,2880.4
2014-10-12,2880.4
2014-10-13,2880.4
2014-10-14,2880.4
2014-10-15,2880.4
2014-10-16,2880.4
2014-10-17,2880.4
2014-10-18,2880.4
2014-10-19,2880.4
2014-10-20,2880.4
2014-10-21,2880.4
2014-10-22,2880.4
2014-10-23,2880.4
2014-10-24,2880.4
2014-10-25,2880.4
2014-10-26,2880.4
2014-10-27,2880.4
2014-10-28,2880.4
2014-10-29,2880.4
2014-10-30,2880.4
2014-10-31,2880.4
2014-11-01,2888.2
2014-11-02,2888.2
2014-11-03,2888.2
2014-11-04,2888.2
2014-11-05,2888.2
2014-11-06,2888.2
2014-11-07,2888.2
2014-11-08,2888.2
2014-11-09,2888.2
2014-11-10,2888.2
2014-11-11,2888.2
2014-11-12,2888.2
2014-11-13,2888.2
2014-11-14,2888.2
2014-11-15,2888.2
2014-11-16,2888.2
2014-11-17,2888.2
2014-11-18,2888.2
2014-11-19,2888.2
2014-11-20,2888.2
2014-11-21,2888.2
2014-11-22,2888.2
2014-11-23,2888.2
2014-11-24,2888.2
2014-11-25,2888.2
2014-11-26,2888.2
2014-11-27,2888.2
2014-11-28,2888.2
2014-11-29,2888.2
2014-11-30,2888.2
2014-12-01,2955.8
2014-12-02,2955.8
2014-12-03,2955.8
2014-12-04,2955.8
2014-12-05,2955.8
2014-12-06,2955.8
2014-12-07,2955.8
2014-12-08,2955.8
2014-12-09,2955.8
2014-12-10,2955.8
2014-12-11,2955.8
2014-12-12,2955.8
2014-12-13,2955.8
2014-12-14,2955.8
2014-12-15,2955.8
2014-12-16,2955.8
2014-12-17,2955.8
2014-12-18,2955.8
2014-12-19,2955.8
2014-12-20,2955.8
2014-12-21,2955.8
2014-12-22,2955.8
2014-12-23,2955.8
2014-12-24,2955.8
2014-12-25,2955.8
2014-12-26,2955.8
2014-12-27,2955.8
2014-12-28,2955.8
2014-12-29,2955.8
2014-12-30,2955.8
2014-12-31,2955.8
2015-01-01,2952.9
2015-01-02,2952.9
2015-01-03,2952.9
2015-01-04,2952.9
2015-01-05,2952.9
2015-01-06,2952.9
2015-01-07,2952.9
2015-01-08,2952.9
2015-01-09,2952.9
2015-01-10,2952.9
2015-01-11,2952.9
2015-01-12,2952.9
2015-01-13,2952.9
2015-01-14,2952.9
2015-01-15,2952.9
2015-01-16,2952.9
2015-01-17,2952.9
2015-01-18,2952.9
2015-01-19,2952.9
2015-01-20,2952.9
2015-01-21,2952.9
2015-01-22,2952.9
2015-01-23,2952.9
2015-01-24,2952.9
2015-01-25,2952.9
2015-01-26,2952.9
2015-01-27,2952.9
2015-01-28,2952.9
2015-01-29,2952.9
2015-01-30,2952.9
2015-01-31,2952.9
2015-02-01,3009.9
2015-02-02,3009.9
2015-02-03,3009.9
2015-02-04,3009.9
2015-02-05,3009.9
2015-02-06,3009.9
2015-02-07,3009.9
2015-02-08,3009.9
2015-02-09,3009.9
2015-02-10,3009.9
2015-02-11,3009.9
2015-02-12,3009.9
2015-02-13,3009.9
2015-02-14,3009.9
2015-02-15,3009.9
2015-02-16,3009.9
2015-02-17,3009.9
2015-02-18,3009.9
2015-02-19,3009.9
2015-02-20,3009.9
2015-02-21,3009.9
2015-02-22,3009.9
2015-02-23,3009.9
2015-02-24,3009.9
2015-02-25,3009.9
2015-02-26,3009.9
2015-02-27,3009.9
2015-02-28,3009.9
2015-03-01,2996.8
2015-03-02,2996.8
2015-03-03,2996.8
2015-03-04,2996.8
2015-03-05,2996.8
2015-03-06,2996.8
2015-03-07,2996.8
2015-03-08,2996.8
2015-03-09,2996.8
2015-03-10,2996.8
2015-03-11,2996.8
2015-03-12,2996.8
2015-03-13,2996.8
2015-03-14,2996.8
2015-03-15,2996.8
2015-03-16,2996.8
2015-03-17,2996.8
2015-03-18,2996.8
2015-03-19,2996.8
2015-03-20,2996.8
2015-03-21,2996.8
2015-03-22,2996.8
2015-03-23,2996.8
2015-03-24,2996.8
2015-03-25,2996.8
2015-03-26,2996.8
2015-03-27,2996.8
2015-03-28,2996.8
2015-03-29,2996.8
2015-03-30,2996.8
2015-03-31,2996.8
2015-04-01,2999.1
2015-04-02,2999.1
2015-04-03,2999.1
2015-04-04,2999.1
2015-04-05,2999.1
2015-04-06,2999.1
2015-04-07,2999.1
2015-04-08,2999.1
2015-04-09,2999.1
2015-04-10,2999.1
2015-04-11,2999.1
2015-04-12,2999.1
2015-04-13,2999.1
2015-04-14,2999.1
2015-04-15,2999.1
2015-04-16,2999.1
2015-04-17,2999.1
2015-04-18,2999.1
2015-04-19,2999.1
2015-04-20,2999.1
2015-04-21,2999.1
2015-04-22,2999.1
2015-04-23,2999.1
2015-04-24,2999.1
2015-04-25,2999.1
2015-04-26,2999.1
2015-04-27,2999.1
2015-04-28,2999.1
2015-04-29,2999.1
2015-04-30,2999.1
2015-05-01,2978.6
2015-05-02,2978.6
2015-05-03,2978.6
2015-05-04,2978.6
2015-05-05,2978.6
2015-05-06,2978.6
2015-05-07,2978.6
2015-05-08,2978.6
2015-05-09,2978.6
2015-05-10,2978.6
2015-05-11,2978.6
2015-05-12,2978.6
2015-05-13,2978.6
2015-05-14,2978.6
2015-05-15,2978.6
2015-05-16,2978.6
2015-05-17,2978.6
2015-05-18,2978.6
2015-05-19,2978.6
2015-05-20,2978.6
2015-05-21,2978.6
2015-05-22,2978.6
2015-05-23,2978.6
2015-05-24,2978.6
2015-05-25,2978.6
2015-05-26,2978.6
2015-05-27,2978.6
2015-05-28,2978.6
2015-05-29,2978.6
2015-05-30,2978.6
2015-05-31,2978.6
2015-06-01,3013.4
2015-06-02,3013.4
2015-06-03,3013.4
2015-06-04,3013.4
2015-06-05,3013.4
2015-06-06,3013.4
2015-06-07,3013.4
2015-06-08,3013.4
2015-06-09,3013.4
2015-06-10,3013.4
2015-06-11,3013.4
2015-06-12,3013.4
2015-06-13,3013.4
2015-06-14,3013.4
2015-06-15,3013.4
2015-06-16,3013.4
2015-06-17,3013.4
2015-06-18,3013.4
2015-06-19,3013.4
2015-06-20,3013.4
2015-06-21,3013.4
2015-06-22,3013.4
2015-06-23,3013.4
2015-06-24,3013.4
2015-06-25,3013.4
2015-06-26,3013.4
2015-06-27,3013.4
2015-06-28,3013.4
2015-06-29,3013.4
2015-06-30,3013.4
2015-07-01,3034.4
2015-07-02,3034.4
2015-07-03,3034.4
2015-07-04,3034.4
2015-07-05,3034.4
2015-07-06,3034.4
2015-07-07,3034.4
2015-07-08,3034.4
2015-07-09,3034.4
2015-07-10,3034.4
2015-07-11,3034.4
2015-07-12,3034.4
2015-07-13,3034.4
2015-07-14,3034.4
2015-07-15,3034.4
2015-07-16,3034.4
2015-07-17,3034.4
2015-07-18,3034.4
2015-07-19,3034.4
2015-07-20,3034.4
2015-07-21,3034.4
2015-07-22,3034.4
2015-07-23,3034.4
2015-07-24,3034.4
2015-07-25,3034.4
2015-07-26,3034.4
2015-07-27,3034.4
2015-07-28,3034.4
2015-07-29,3034.4
2015-07-30,3034.4
2015-07-31,3034.4
2015-08-01,3017.6
2015-08-02,3017.6
2015-08-03,3017.6
2015-08-04,3017.6
2015-08-05,3017.6
2015-08-06,3017.6
2015-08-07,3017.6
2015-08-08,3017.6
2015-08-09,3017.6
2015-08-10,3017.6
2015-08-11,3017.6
2015-08-12,3017.6
2015-08-13,3017.6
2015-08-14,3017.6
2015-08-15,3017.6
2015-08-16,3017.6
2015-08-17,3017.6
2015-08-18,3017.6
2015-08-19,3017.6
2015-08-20,3017.6
2015-08-21,3017.6
2015-08-22,3017.6
2015-08-23,3017.6
2015-08-24,3017.6
2015-08-25,3017.6
2015-08-26,3017.6
2015-08-27,3017.6
2015-08-28,3017.6
2015-08-29,3017.6
2015-08-30,3017.6
2015-08-31,3017.6
2015-09-01,3044.8
2015-09-02,3044.8
2015-09-03,3044.8
2015-09-04,3044.8
2015-09-05,3044.8
2015-09-06,3044.8
2015-09-07,3044.8
2015-09-08,3044.8
2015-09-09,3044.8
2015-09-10,3044.8
2015-09-11,3044.8
2015-09-12,3044.8
2015-09-13,3044.8
2015-09-14,3044.8
2015-09-15,3044.8
2015-09-16,3044.8
2015-09-17,3044.8
2015-09-18,3044.8
2015-09-19,3044.8
2015-09-20,3044.8
2015-09-21,3044.8
2015-09-22,3044.8
2015-09-23,3044.8
2015-09-24,3044.8
2015-09-25,3044.8
2015-09-26,3044.8
2015-09-27,3044.8
2015-09-28,3044.8
2015-09-29,3044.8
2015-09-30,3044.8
2015-10-01,3026.1
2015-10-02,3026.1
2015-10-03,3026.1
2015-10-04,3026.1
2015-10-05,3026.1
2015-10-06,3026.1
2015-10-07,3026.1
2015-10-08,3026.1
2015-10-09,3026.1
2015-10-10,3026.1
2015-10-11,3026.1
2015-10-12,3026.1
2015-10-13,3026.1
2015-10-14,3026.1
2015-10-15,3026.1
2015-10-16,3026.1
2015-10-17,3026.1
2015-10-18,3026.1
2015-10-19,3026.1
2015-10-20,3026.1
2015-10-21,3026.1
2015-10-22,3026.1
2015-10-23,3026.1
2015-10-24,3026.1
2015-10-25,3026.1
2015-10-26,3026.1
2015-10-27,3026.1
2015-10-28,3026.1
2015-10-29,3026.1
2015-10-30,3026.1
2015-10-31,3026.1
2015-11-01,3083.4
2015-11-02,3083.4
2015-11-03,3083.4
2015-11-04,3083.4
2015-11-05,3083.4
2015-11-06,3083.4
2015-11-07,3083.4
2015-11-08,3083.4
2015-11-09,3083.4
2015-11-10,3083.4
2015-11-11,3083.4
2015-11-12,3083.4
2015-11-13,3083.4
2015-11-14,3083.4
2015-11-15,3083.4
2015-11-16,3083.4
2015-11-17,3083.4
2015-11-18,3083.4
2015-11-19,3083.4
2015-11-20,3083.4
2015-11-21,3083.4
2015-11-22,3083.4
2015-11-23,3083.4
2015-11-24,3083.4
2015-11-25,3083.4
2015-11-26,3083.4
2015-11-27,3083.4
2015-11-28,3083.4
2015-11-29,3083.4
2015-11-30,3083.4
2015-12-01,3104.1
2015-12-02,3104.1
2015-12-03,3104.1
2015-12-04,3104.1
2015-12-05,3104.1
2015-12-06,3104.1
2015-12-07,3104.1
2015-12-08,3104.1
2015-12-09,3104.1
2015-12-10,3104.1
2015-12-11,3104.1
2015-12-12,3104.1
2015-12-13,3104.1
2015-12-14,3104.1
2015-12-15,3104.1
2015-12-16,3104.1
2015-12-17,3104.1
2015-12-18,3104.1
2015-12-19,3104.1
2015-12-20,3104.1
2015-12-21,3104.1
2015-12-22,3104.1
2015-12-23,3104.1
2015-12-24,3104.1
2015-12-25,3104.1
2015-12-26,3104.1
2015-12-27,3104.1
2015-12-28,3104.1
2015-12-29,3104.1
2015-12-30,3104.1
2015-12-31,3104.1
2016-01-01,3103.4
2016-01-02,3103.4
2016-01-03,3103.4
2016-01-04,3103.4
2016-01-05,3103.4
2016-01-06,3103.4
2016-01-07,3103.4
2016-01-08,3103.4
2016-01-09,3103.4
2016-01-10,3103.4
2016-01-11,3103.4
2016-01-12,3103.4
2016-01-13,3103.4
2016-01-14,3103.4
2016-01-15,3103.4
2016-01-16,3103.4
2016-01-17,3103.4
2016-01-18,3103.4
2016-01-19,3103.4
2016-01-20,3103.4
2016-01-21,3103.4
2016-01-22,3103.4
2016-01-23,3103.4
2016-01-24,3103.4
2016-01-25,3103.4
2016-01-26,3103.4
2016-01-27,3103.4
2016-01-28,3103.4
2016-01-29,3103.4
2016-01-30,3103.4
2016-01-31,3103.4
2016-02-01,3131.6
2016-02-02,3131.6
2016-02-03,3131.6
2016-02-04,3131.6
2016-02-05,3131.6
2016-02-06,3131.6
2016-02-07,3131.6
2016-02-08,3131.6
2016-02-09,3131.6
2016-02-10,3131.6
2016-02-11,3131.6
2016-02-12,3131.6
2016-02-13,3131.6
2016-02-14,3131.6
2016-02-15,3131.6
2016-02-16,3131.6
2016-02-17,3131.6
2016-02-18,3131.6
2016-02-19,3131.6
2016-02-20,3131.6
2016-02-21,3131.6
2016-02-22,3131.6
2016-02-23,3131.6
2016-02-24,3131.6
2016-02-25,3131.6
2016-02-26,3131.6
2016-02-27,3131.6
2016-02-28,3131.6
2016-02-29,3131.6
2016-03-01,3152.8
2016-03-02,3152.8
2016-03-03,3152.8
2016-03-04,3152.8
2016-03-05,3152.8
2016-03-06,3152.8
2016-03-07,3152.8
2016-03-08,3152.8
2016-03-09,3152.8
2016-03-10,3152.8
2016-03-11,3152.8
2016-03-12,3152.8
2016-03-13,3152.8
2016-03-14,3152.8
2016-03-15,3152.8
2016-03-16,3152.8
2016-03-17,3152.8
2016-03-18,3152.8
2016-03-19,3152.8
2016-03-20,3152.8
2016-03-21,3152.8
2016-03-22,3152.8
2016-03-23,3152.8
2016-03-24,3152.8
2016-03-25,3152.8
2016-03-26,3152.8
2016-03-27,3152.8
2016-03-28,3152.8
2016-03-29,3152.8
2016-03-30,3152.8
2016-03-31,3152.8
2016-04-01,3197.7
2016-04-02,3197.7
2016-04-03,3197.7
2016-04-04,3197.7
2016-04-05,3197.7
2016-04-06,3197.7
2016-04-07,3197.7
2016-04-08,3197.7
2016-04-09,3197.7
2016-04-10,3197.7
2016-04-11,3197.7
2016-04-12,3197.7
2016-04-13,3197.7
2016-04-14,3197.7
2016-04-15,3197.7
2016-04-16,3197.7
2016-04-17,3197.7
2016-04-18,3197.7
2016-04-19,3197.7
2016-04-20,3197.7
2016-04-21,3197.7
2016-04-22,3197.7
2016-04-23,3197.7
2016-04-24,3197.7
2016-04-25,3197.7
2016-04-26,3197.7
2016-04-27,3197.7
2016-04-28,3197.7
2016-04-29,3197.7
2016-04-30,3197.7
2016-05-01,3236.5
2016-05-02,3236.5
2016-05-03,3236.5
2016-05-04,3236.5
2016-05-05,3236.5
2016-05-06,3236.5
2016-05-07,3236.5
2016-05-08,3236.5
2016-05-09,3236.5
2016-05-10,3236.5
2016-05-11,3236.5
2016-05-12,3236.5
2016-05-13,3236.5
2016-05-14,3236.5
2016-05-15,3236.5
2016-05-16,3236.5
2016-05-17,3236.5
2016-05-18,3236.5
2016-05-19,3236.5
2016-05-20,3236.5
2016-05-21,3236.5
2016-05-22,3236.5
2016-05-23,3236.5
2016-05-24,3236.5
2016-05-25,3236.5
2016-05-26,3236.5
2016-05-27,3236.5
2016-05-28,3236.5
2016-05-29,3236.5
2016-05-30,3236.5
2016-05-31,3236.5
2016-06-01,3242.4
2016-06-02,3242.4
2016-06-03,3242.4
2016-06-04,3242.4
2016-06-05,3242.4
2016-06-06,3242.4
2016-06-07,3242.4
2016-06-08,3242.4
2016-06-09,3242.4
2016-06-10,3242.4
2016-06-11,3242.4
2016-06-12,3242.4
2016-06-13,3242.4
2016-06-14,3242.4
2016-06-15,3242.4
2016-06-16,3242.4
2016-06-17,3242.4
2016-06-18,3242.4
2016-06-19,3242.4
2016-06-20,3242.4
2016-06-21,3242.4
2016-06-22,3242.4
2016-06-23,3242.4
2016-06-24,3242.4
2016-06-25,3242.4
2016-06-26,3242.4
2016-06-27,3242.4
2016-06-28,3242.4
2016-06-29,3242.4
2016-06-30,3242.4
2016-07-01,3241.7
2016-07-02,3241.7
2016-07-03,3241.7
2016-07-04,3241.7
2016-07-05,3241.7
2016-07-06,3241.7
2016-07-07,3241.7
2016-07-08,3241.7
2016-07-09,3241.7
2016-07-10,3241.7
2016-07-11,3241.7
2016-07-12,3241.7
2016-07-13,3241.7
2016-07-14,3241.7
2016-07-15,3241.7
2016-07-16,3241.7
2016-07-17,3241.7
2016-07-18,3241.7
2016-07-19,3241.7
2016-07-20,3241.7
2016-07-21,3241.7
2016-07-22,3241.7
2016-07-23,3241.7
2016-07-24,3241.7
2016-07-25,3241.7
2016-07-26,3241.7
2016-07-27,3241.7
2016-07-28,3241.7
2016-07-29,3241.7
2016-07-30,3241.7
2016-07-31,3241.7
2016-08-01,3312.7
2016-08-02,3312.7
2016-08-03,3312.7
2016-08-04,3312.7
2016-08-05,3312.7
2016-08-06,3312.7
2016-08-07,3312.7
2016-08-08,3312.7
2016-08-09,3312.7
2016-08-10,3312.7
2016-08-11,3312.7
2016-08-12,3312.7
2016-08-13,3312.7
2016-08-14,3312.7
2016-08-15,3312.7
2016-08-16,3312.7
2016-08-17,3312.7
2016-08-18,3312.7
2016-08-19,3312.7
2016-08-20,3312.7
2016-08-21,3312.7
2016-08-22,3312.7
2016-08-23,3312.7
2016-08-24,3312.7
2016-08-25,3312.7
2016-08-26,3312.7
2016-08-27,3312.7
2016-08-28,3312.7
2016-08-29,3312.7
2016-08-30,3312.7
2016-08-31,3312.7
2016-09-01,3326.7
2016-09-02,3326.7
2016-09-03,3326.7
2016-09-04,3326.7
2016-09-05,3326.7
2016-09-06,3326.7
2016-09-07,3326.7
2016-09-08,3326.7
2016-09-09,3326.7
2016-09-10,3326.7
2016-09-11,3326.7
2016-09-12,3326.7
2016-09-13,3326.7
2016-09-14,3326.7
2016-09-15,3326.7
2016-09-16,3326.7
2016-09-17,3326.7
2016-09-18,3326.7
2016-09-19,3326.7
2016-09-20,3326.7
2016-09-21,3326.7
2016-09-22,3326.7
2016-09-23,3326.7
2016-09-24,3326.7
2016-09-25,3326.7
2016-09-26,3326.7
2016-09-27,3326.7
2016-09-28,3326.7
2016-09-29,3326.7
2016-09-30,3326.7
2016-10-01,3338.5
2016-10-02,3338.5
2016-10-03,3338.5
2016-10-04,3338.5
2016-10-05,3338.5
2016-10-06,3338.5
2016-10-07,3338.5
2016-10-08,3338.5
2016-10-09,3338.5
2016-10-10,3338.5
2016-10-11,3338.5
2016-10-12,3338.5
2016-10-13,3338.5
2016-10-14,3338.5
2016-10-15,3338.5
2016-10-16,3338.5
2016-10-17,3338.5
2016-10-18,3338.5
2016-10-19,3338.5
2016-10-20,3338.5
2016-10-21,3338.5
2016-10-22,3338.5
2016-10-23,3338.5
2016-10-24,3338.5
2016-10-25,3338.5
2016-10-26,3338.5
2016-10-27,3338.5
2016-10-28,3338.5
2016-10-29,3338.5
2016-10-30,3338.5
2016-10-31,3338.5
2016-11-01,3354.4
2016-11-02,3354.4
2016-11-03,3354.4
2016-11-04,3354.4
2016-11-05,3354.4
2016-11-06,3354.4
2016-11-07,3354.4
2016-11-08,3354.4
2016-11-09,3354.4
2016-11-10,3354.4
2016-11-11,3354.4
2016-11-12,3354.4
2016-11-13,3354.4
2016-11-14,3354.4
2016-11-15,3354.4
2016-11-16,3354.4
2016-11-17,3354.4
2016-11-18,3354.4
2016-11-19,3354.4
2016-11-20,3354.4
2016-11-21,3354.4
2016-11-22,3354.4
2016-11-23,3354.4
2016-11-24,3354.4
2016-11-25,3354.4
2016-11-26,3354.4
2016-11-27,3354.4
2016-11-28,3354.4
2016-11-29,3354.4
2016-11-30,3354.4
2016-12-01,3345.1
2016-12-02,3345.1
2016-12-03,3345.1
2016-12-04,3345.1
2016-12-05,3345.1
2016-12-06,3345.1
2016-12-07,3345.1
2016-12-08,3345.1
2016-12-09,3345.1
2016-12-10,3345.1
2016-12-11,3345.1
2016-12-12,3345.1
2016-12-13,3345.1
2016-12-14,3345.1
2016-12-15,3345.1
2016-12-16,3345.1
2016-12-17,3345.1
2016-12-18,3345.1
2016-12-19,3345.1
2016-12-20,3345.1
2016-12-21,3345.1
2016-12-22,3345.1
2016-12-23,3345.1
2016-12-24,3345.1
2016-12-25,3345.1
2016-12-26,3345.1
2016-12-27,3345.1
2016-12-28,3345.1
2016-12-29,3345.1
2016-12-30,3345.1
2016-12-31,3345.1
2017-01-01,3393.2
2017-01-02,3393.2
2017-01-03,3393.2
2017-01-04,3393.2
2017-01-05,3393.2
2017-01-06,3393.2
2017-01-07,3393.2
2017-01-08,3393.2
2017-01-09,3393.2
2017-01-10,3393.2
2017-01-11,3393.2
2017-01-12,3393.2
2017-01-13,3393.2
2017-01-14,3393.2
2017-01-15,3393.2
2017-01-16,3393.2
2017-01-17,3393.2
2017-01-18,3393.2
2017-01-19,3393.2
2017-01-20,3393.2
2017-01-21,3393.2
2017-01-22,3393.2
2017-01-23,3393.2
2017-01-24,3393.2
2017-01-25,3393.2
2017-01-26,3393.2
2017-01-27,3393.2
2017-01-28,3393.2
2017-01-29,3393.2
2017-01-30,3393.2
2017-01-31,3393.2
2017-02-01,3403.1
2017-02-02,3403.1
2017-02-03,3403.1
2017-02-04,3403.1
2017-02-05,3403.1
2017-02-06,3403.1
2017-02-07,3403.1
2017-02-08,3403.1
2017-02-09,3403.1
2017-02-10,3403.1
2017-02-11,3403.1
2017-02-12,3403.1
2017-02-13,3403.1
2017-02-14,3403.1
2017-02-15,3403.1
2017-02-16,3403.1
2017-02-17,3403.1
2017-02-18,3403.1
2017-02-19,3403.1
2017-02-20,3403.1
2017-02-21,3403.1
2017-02-22,3403.1
2017-02-23,3403.1
2017-02-24,3403.1
2017-02-25,3403.1
2017-02-26,3403.1
2017-02-27,3403.1
2017-02-28,3403.1
2017-03-01,3451.3
2017-03-02,3451.3
2017-03-03,3451.3
2017-03-04,3451.3
2017-03-05,3451.3
2017-03-06,3451.3
2017-03-07,3451.3
2017-03-08,3451.3
2017-03-09,3451.3
2017-03-10,3451.3
2017-03-11,3451.3
2017-03-12,3451.3
2017-03-13,3451.3
2017-03-14,3451.3
2017-03-15,3451.3
2017-03-16,3451.3
2017-03-17,3451.3
2017-03-18,3451.3
2017-03-19,3451.3
2017-03-20,3451.3
2017-03-21,3451.3
2017-03-22,3451.3
2017-03-23,3451.3
2017-03-24,3451.3
2017-03-25,3451.3
2017-03-26,3451.3
2017-03-27,3451.3
2017-03-28,3451.3
2017-03-29,3451.3
2017-03-30,3451.3
2017-03-31,3451.3
2017-04-01,3450.4
2017-04-02,3450.4
2017-04-03,3450.4
2017-04-04,3450.4
2017-04-05,3450.4
2017-04-06,3450.4
2017-04-07,3450.4
2017-04-08,3450.4
2017-04-09,3450.4
2017-04-10,3450.4
2017-04-11,3450.4
2017-04-12,3450.4
2017-04-13,3450.4
2017-04-14,3450.4
2017-04-15,3450.4
2017-04-16,3450.4
2017-04-17,3450.4
2017-04-18,3450.4
2017-04-19,3450.4
2017-04-20,3450.4
2017-04-21,3450.4
2017-04-22,3450.4
2017-04-23,3450.4
2017-04-24,3450.4
2017-04-25,3450.4
2017-04-26,3450.4
2017-04-27,3450.4
2017-04-28,3450.4
2017-04-29,3450.4
2017-04-30,3450.4
2017-05-01,3516.2
2017-05-02,3516.2
2017-05-03,3516.2
2017-05-04,3516.2
2017-05-05,3516.2
2017-05-06,3516.2
2017-05-07,3516.2
2017-05-08,3516.2
2017-05-09,3516.2
2017-05-10,3516.2
2017-05-11,3516.2
2017-05-12,3516.2
2017-05-13,3516.2
2017-05-14,3516.2
2017-05-15,3516.2
2017-05-16,3516.2
2017-05-17,3516.2
2017-05-18,3516.2
2017-05-19,3516.2
2017-05-20,3516.2
2017-05-21,3516.2
2017-05-22,3516.2
2017-05-23,3516.2
2017-05-24,3516.2
2017-05-25,3516.2
2017-05-26,3516.2
2017-05-27,3516.2
2017-05-28,3516.2
2017-05-29,3516.2
2017-05-30,3516.2
2017-05-31,3516.2
2017-06-01,3525.3
2017-06-02,3525.3
2017-06-03,3525.3
2017-06-04,3525.3
2017-06-05,3525.3
2017-06-06,3525.3
2017-06-07,3525.3
2017-06-08,3525.3
2017-06-09,3525.3
2017-06-10,3525.3
2017-06-11,3525.3
2017-06-12,3525.3
2017-06-13,3525.3
2017-06-14,3525.3
2017-06-15,3525.3
2017-06-16,3525.3
2017-06-17,3525.3
2017-06-18,3525.3
2017-06-19,3525.3
2017-06-20,3525.3
2017-06-21,3525.3
2017-06-22,3525.3
2017-06-23,3525.3
2017-06-24,3525.3
2017-06-25,3525.3
2017-06-26,3525.3
2017-06-27,3525.3
2017-06-28,3525.3
2017-06-29,3525.3
2017-06-30,3525.3
2017-07-01,3547.3
2017-07-02,3547.3
2017-07-03,3547.3
2017-07-04,3547.3
2017-07-05,3547.3
2017-07-06,3547.3
2017-07-07,3547.3
2017-07-08,3547.3
2017-07-09,3547.3
2017-07-10,3547.3
2017-07-11,3547.3
2017-07-12,3547.3
2017-07-13,3547.3
2017-07-14,3547.3
2017-07-15,3547.3
2017-07-16,3547.3
2017-07-17,3547.3
2017-07-18,3547.3
2017-07-19,3547.3
2017-07-20,3547.3
2017-07-21,3547.3
2017-07-22,3547.3
2017-07-23,3547.3
2017-07-24,3547.3
2017-07-25,3547.3
2017-07-26,3547.3
2017-07-27,3547.3
2017-07-28,3547.3
2017-07-29,3547.3
2017-07-30,3547.3
2017-07-31,3547.3
2017-08-01,3586.5
2017-08-02,3586.5
2017-08-03,3586.5
2017-08-04,3586.5
2017-08-05,3586.5
2017-08-06,3586.5
2017-08-07,3586.5
2017-08-08,3586.5
2017-08-09,3586.5
2017-08-10,3586.5
2017-08-11,3586.5
2017-08-12,3586.5
2017-08-13,3586.5
2017-08-14,3586.5
2017-08-15,3586.5
2017-08-16,3586.5
2017-08-17,3586.5
2017-08-18,3586.5
2017-08-19,3586.5
2017-08-20,3586.5
2017-08-21,3586.5
2017-08-22,3586.5
2017-08-23,3586.5
2017-08-24,3586.5
2017-08-25,3586.5
2017-08-26,3586.5
2017-08-27,3586.5
2017-08-28,3586.5
2017-08-29,3586.5
2017-08-30,3586.5
2017-08-31,3586.5
2017-09-01,3570.5
2017-09-02,3570.5
2017-09-03,3570.5
2017-09-04,3570.5
2017-09-05,3570.5
2017-09-06,3570.5
2017-09-07,3570.5
2017-09-08,3570.5
2017-09-09,3570.5
2017-09-10,3570.5
2017-09-11,3570.5
2017-09-12,3570.5
2017-09-13,3570.5
2017-09-14,3570.5
2017-09-15,3570.5
2017-09-16,3570.5
2017-09-17,3570.5
2017-09-18,3570.5
2017-09-19,3570.5
2017-09-20,3570.5
2017-09-21,3570.5
2017-09-22,3570.5
2017-09-23,3570.5
2017-09-24,3570.5
2017-09-25,3570.5
2017-09-26,3570.5
2017-09-27,3570.5
2017-09-28,3570.5
2017-09-29,3570.5
2017-09-30,3570.5
2017-10-01,3607.8
2017-10-02,3607.8
2017-10-03,3607.8
2017-10-04,3607.8
2017-10-05,3607.8
2017-10-06,3607.8
2017-10-07,3607.8
2017-10-08,3607.8
2017-10-09,3607.8
2017-10-10,3607.8
2017-10-11,3607.8
2017-10-12,3607.8
2017-10-13,3607.8
2017-10-14,3607.8
2017-10-15,3607.8
2017-10-16,3607.8
2017-10-17,3607.8
2017-10-18,3607.8
2017-10-19,3607.8
2017-10-20,3607.8
2017-10-21,3607.8
2017-10-22,3607.8
2017-10-23,3607.8
2017-10-24,3607.8
2017-10-25,3607.8
2017-10-26,3607.8
2017-10-27,3607.8
2017-10-28,3607.8
2017-10-29,3607.8
2017-10-30,3607.8
2017-10-31,3607.8
2017-11-01,3629.4
2017-11-02,3629.4
2017-11-03,3629.4
2017-11-04,3629.4
2017-11-05,3629.4
2017-11-06,3629.4
2017-11-07,3629.4
2017-11-08,3629.4
2017-11-09,3629.4
2017-11-10,3629.4
2017-11-11,3629.4
2017-11-12,3629.4
2017-11-13,3629.4
2017-11-14,3629.4
2017-11-15,3629.4
2017-11-16,3629.4
2017-11-17,3629.4
2017-11-18,3629.4
2017-11-19,3629.4
2017-11-20,3629.4
2017-11-21,3629.4
2017-11-22,3629.4
2017-11-23,3629.4
2017-11-24,3629.4
2017-11-25,3629.4
2017-11-26,3629.4
2017-11-27,3629.4
2017-11-28,3629.4
2017-11-29,3629.4
2017-11-30,3629.4
2017-12-01,3613.3
2017-12-02,3613.3
2017-12-03,3613.3
2017-12-04,3613.3
2017-12-05,3613.3
2017-12-06,3613.3
2017-12-07,3613.3
2017-12-08,3613.3
2017-12-09,3613.3
2017-12-10,3613.3
2017-12-11,3613.3
2017-12-12,3613.3
2017-12-13,3613.3
2017-12-14,3613.3
2017-12-15,3613.3
2017-12-16,3613.3
2017-12-17,3613.3
2017-12-18,3613.3
2017-12-19,3613.3
2017-12-20,3613.3
2017-12-21,3613.3
2017-12-22,3613.3
2017-12-23,3613.3
2017-12-24,3613.3
2017-12-25,3613.3
2017-12-26,3613.3
2017-12-27,3613.3
2017-12-28,3613.3
2017-12-29,3613.3
2017-12-30,3613.3
2017-12-31,3613.3
2018-01-01,3651.1
2018-01-02,3651.1
2018-01-03,3651.1
2018-01-04,3651.1
2018-01-05,3651.1
2018-01-06,3651.1
2018-01-07,3651.1
2018-01-08,3651.1
2018-01-09,3651.1
2018-01-10,3651.1
2018-01-11,3651.1
2018-01-12,3651.1
2018-01-13,3651.1
2018-01-14,3651.1
2018-01-15,3651.1
2018-01-16,3651.1
2018-01-17,3651.1
2018-01-18,3651.1
2018-01-19,3651.1
2018-01-20,3651.1
2018-01-21,3651.1
2018-01-22,3651.1
2018-01-23,3651.1
2018-01-24,3651.1
2018-01-25,3651.1
2018-01-26,3651.1
2018-01-27,3651.1
2018-01-28,3651.1
2018-01-29,3651.1
2018-01-30,3651.1
2018-01-31,3651.1
2018-02-01,3614.4
2018-02-02,3614.4
2018-02-03,3614.4
2018-02-04,3614.4
2018-02-05,3614.4
2018-02-06,3614.4
2018-02-07,3614.4
2018-02-08,3614.4
2018-02-09,3614.4
2018-02-10,3614.4
2018-02-11,3614.4
2018-02-12,3614.4
2018-02-13,3614.4
2018-02-14,3614.4
2018-02-15,3614.4
2018-02-16,3614.4
2018-02-17,3614.4
2018-02-18,3614.4
2018-02-19,3614.4
2018-02-20,3614.4
2018-02-21,3614.4
2018-02-22,3614.4
2018-02-23,3614.4
2018-02-24,3614.4
2018-02-25,3614.4
2018-02-26,3614.4
2018-02-27,3614.4
2018-02-28,3614.4
2018-03-01,3664.5
2018-03-02,3664.5
2018-03-03,3664.5
2018-03-04,3664.5
2018-03-05,3664.5
2018-03-06,3664.5
2018-03-07,3664.5
2018-03-08,3664.5
2018-03-09,3664.5
2018-03-10,3664.5
2018-03-11,3664.5
2018-03-12,3664.5
2018-03-13,3664.5
2018-03-14,3664.5
2018-03-15,3664.5
2018-03-16,3664.5
2018-03-17,3664.5
2018-03-18,3664.5
2018-03-19,3664.5
2018-03-20,3664.5
2018-03-21,3664.5
2018-03-22,3664.5
2018-03-23,3664.5
2018-03-24,3664.5
2018-03-25,3664.5
2018-03-26,3664.5
2018-03-27,3664.5
2018-03-28,3664.5
2018-03-29,3664.5
2018-03-30,3664.5
2018-03-31,3664.5
2018-04-01,3656.6
2018-04-02,3656.6
2018-04-03,3656.6
2018-04-04,3656.6
2018-04-05,3656.6
2018-04-06,3656.6
2018-04-07,3656.6
2018-04-08,3656.6
2018-04-09,3656.6
2018-04-10,3656.6
2018-04-11,3656.6
2018-04-12,3656.6
2018-04-13,3656.6
2018-04-14,3656.6
2018-04-15,3656.6
2018-04-16,3656.6
2018-04-17,3656.6
2018-04-18,3656.6
2018-04-19,3656.6
2018-04-20,3656.6
2018-04-21,3656.6
2018-04-22,3656.6
2018-04-23,3656.6
2018-04-24,3656.6
2018-04-25,3656.6
2018-04-26,3656.6
2018-04-27,3656.6
2018-04-28,3656.6
2018-04-29,3656.6
2018-04-30,3656.6
2018-05-01,3654.0
2018-05-02,3654.0
2018-05-03,3654.0
2018-05-04,3654.0
2018-05-05,3654.0
2018-05-06,3654.0
2018-05-07,3654.0
2018-05-08,3654.0
2018-05-09,3654.0
2018-05-10,3654.0
2018-05-11,3654.0
2018-05-12,3654.0
2018-05-13,3654.0
2018-05-14,3654.0
2018-05-15,3654.0
2018-05-16,3654.0
2018-05-17,3654.0
2018-05-18,3654.0
2018-05-19,3654.0
2018-05-20,3654.0
2018-05-21,3654.0
2018-05-22,3654.0
2018-05-23,3654.0
2018-05-24,3654.0
2018-05-25,3654.0
2018-05-26,3654.0
2018-05-27,3654.0
2018-05-28,3654.0
2018-05-29,3654.0
2018-05-30,3654.0
2018-05-31,3654.0
2018-06-01,3655.6
2018-06-02,3655.6
2018-06-03,3655.6
2018-06-04,3655.6
2018-06-05,3655.6
2018-06-06,3655.6
2018-06-07,3655.6
2018-06-08,3655.6
2018-06-09,3655.6
2018-06-10,3655.6
2018-06-11,3655.6
2018-06-12,3655.6
2018-06-13,3655.6
2018-06-14,3655.6
2018-06-15,3655.6
2018-06-16,3655.6
2018-06-17,3655.6
2018-06-18,3655.6
2018-06-19,3655.6
2018-06-20,3655.6
2018-06-21,3655.6
2018-06-22,3655.6
2018-06-23,3655.6
2018-06-24,3655.6
2018-06-25,3655.6
2018-06-26,3655.6
2018-06-27,3655.6
2018-06-28,3655.6
2018-06-29,3655.6
2018-06-30,3655.6
2018-07-01,3681.5
2018-07-02,3681.5
2018-07-03,3681.5
2018-07-04,3681.5
2018-07-05,3681.5
2018-07-06,3681.5
2018-07-07,3681.5
2018-07-08,3681.5
2018-07-09,3681.5
2018-07-10,3681.5
2018-07-11,3681.5
2018-07-12,3681.5
2018-07-13,3681.5
2018-07-14,3681.5
2018-07-15,3681.5
2018-07-16,3681.5
2018-07-17,3681.5
2018-07-18,3681.5
2018-07-19,3681.5
2018-07-20,3681.5
2018-07-21,3681.5
2018-07-22,3681.5
2018-07-23,3681.5
2018-07-24,3681.5
2018-07-25,3681.5
2018-07-26,3681.5
2018-07-27,3681.5
2018-07-28,3681.5
2018-07-29,3681.5
2018-07-30,3681.5
2018-07-31,3681.5
2018-08-01,3695.0
2018-08-02,3695.0
2018-08-03,3695.0
2018-08-04,3695.0
2018-08-05,3695.0
2018-08-06,3695.0
2018-08-07,3695.0
2018-08-08,3695.0
2018-08-09,3695.0
2018-08-10,3695.0
2018-08-11,3695.0
2018-08-12,3695.0
2018-08-13,3695.0
2018-08-14,3695.0
2018-08-15,3695.0
2018-08-16,3695.0
2018-08-17,3695.0
2018-08-18,3695.0
2018-08-19,3695.0
2018-08-20,3695.0
2018-08-21,3695.0
2018-08-22,3695.0
2018-08-23,3695.0
2018-08-24,3695.0
2018-08-25,3695.0
2018-08-26,3695.0
2018-08-27,3695.0
2018-08-28,3695.0
2018-08-29,3695.0
2018-08-30,3695.0
2018-08-31,3695.0
2018-09-01,3702.2
2018-09-02,3702.2
2018-09-03,3702.2
2018-09-04,3702.2
2018-09-05,3702.2
2018-09-06,3702.2
2018-09-07,3702.2
2018-09-08,3702.2
2018-09-09,3702.2
2018-09-10,3702.2
2018-09-11,3702.2
2018-09-12,3702.2
2018-09-13,3702.2
2018-09-14,3702.2
2018-09-15,3702.2
2018-09-16,3702.2
2018-09-17,3702.2
2018-09-18,3702.2
2018-09-19,3702.2
2018-09-20,3702.2
2018-09-21,3702.2
2018-09-22,3702.2
2018-09-23,3702.2
2018-09-24,3702.2
2018-09-25,3702.2
2018-09-26,3702.2
2018-09-27,3702.2
2018-09-28,3702.2
2018-09-29,3702.2
2018-09-30,3702.2
2018-10-01,3726.1
2018-10-02,3726.1
2018-10-03,3726.1
2018-10-04,3726.1
2018-10-05,3726.1
2018-10-06,3726.1
2018-10-07,3726.1
2018-10-08,3726.1
2018-10-09,3726.1
2018-10-10,3726.1
2018-10-11,3726.1
2018-10-12,3726.1
2018-10-13,3726.1
2018-10-14,3726.1
2018-10-15,3726.1
2018-10-16,3726.1
2018-10-17,3726.1
2018-10-18,3726.1
2018-10-19,3726.1
2018-10-20,3726.1
2018-10-21,3726.1
2018-10-22,3726.1
2018-10-23,3726.1
2018-10-24,3726.1
2018-10-25,3726.1
2018-10-26,3726.1
2018-10-27,3726.1
2018-10-28,3726.1
2018-10-29,3726.1
2018-10-30,3726.1
2018-10-31,3726.1
2018-11-01,3704.2
2018-11-02,3704.2
2018-11-03,3704.2
2018-11-04,3704.2
2018-11-05,3704.2
2018-11-06,3704.2
2018-11-07,3704.2
2018-11-08,3704.2
2018-11-09,3704.2
2018-11-10,3704.2
2018-11-11,3704.2
2018-11-12,3704.2
2018-11-13,3704.2
2018-11-14,3704.2
2018-11-15,3704.2
2018-11-16,3704.2
2018-11-17,3704.2
2018-11-18,3704.2
2018-11-19,3704.2
2018-11-20,3704.2
2018-11-21,3704.2
2018-11-22,3704.2
2018-11-23,3704.2
2018-11-24,3704.2
2018-11-25,3704.2
2018-11-26,3704.2
2018-11-27,3704.2
2018-11-28,3704.2
2018-11-29,3704.2
2018-11-30,3704.2
2018-12-01,3764.3
2018-12-02,3764.3
2018-12-03,3764.3
2018-12-04,3764.3
2018-12-05,3764.3
2018-12-06,3764.3
2018-12-07,3764.3
2018-12-08,3764.3
2018-12-09,3764.3
2018-12-10,3764.3
2018-12-11,3764.3
2018-12-12,3764.3
2018-12-13,3764.3
2018-12-14,3764.3
2018-12-15,3764.3
2018-12-16,3764.3
2018-12-17,3764.3
2018-12-18,3764.3
2018-12-19,3764.3
2018-12-20,3764.3
2018-12-21,3764.3
2018-12-22,3764.3
2018-12-23,3764.3
2018-12-24,3764.3
2018-12-25,3764.3
2018-12-26,3764.3
2018-12-27,3764.3
2018-12-28,3764.3
2018-12-29,3764.3
2018-12-30,3764.3
2018-12-31,3764.3
2019-01-01,3744.4
2019-01-02,3744.4
2019-01-03,3744.4
2019-01-04,3744.4
2019-01-05,3744.4
2019-01-06,3744.4
2019-01-07,3744.4
2019-01-08,3744.4
2019-01-09,3744.4
2019-01-10,3744.4
2019-01-11,3744.4
2019-01-12,3744.4
2019-01-13,3744.4
2019-01-14,3744.4
2019-01-15,3744.4
2019-01-16,3744.4
2019-01-17,3744.4
2019-01-18,3744.4
2019-01-19,3744.4
2019-01-20,3744.4
2019-01-21,3744.4
2019-01-22,3744.4
2019-01-23,3744.4
2019-01-24,3744.4
2019-01-25,3744.4
2019-01-26,3744.4
2019-01-27,3744.4
2019-01-28,3744.4
2019-01-29,3744.4
2019-01-30,3744.4
2019-01-31,3744.4
2019-02-01,3751.2
2019-02-02,3751.2
2019-02-03,3751.2
2019-02-04,3751.2
2019-02-05,3751.2
2019-02-06,3751.2
2019-02-07,3751.2
2019-02-08,3751.2
2019-02-09,3751.2
2019-02-10,3751.2
2019-02-11,3751.2
2019-02-12,3751.2
2019-02-13,3751.2
2019-02-14,3751.2
2019-02-15,3751.2
2019-02-16,3751.2
2019-02-17,3751.2
2019-02-18,3751.2
2019-02-19,3751.2
2019-02-20,3751.2
2019-02-21,3751.2
2019-02-22,3751.2
2019-02-23,3751.2
2019-02-24,3751.2
2019-02-25,3751.2
2019-02-26,3751.2
2019-02-27,3751.2
2019-02-28,3751.2
2019-03-01,3735.0
2019-03-02,3735.0
2019-03-03,3735.0
2019-03-04,3735.0
2019-03-05,3735.0
2019-03-06,3735.0
2019-03-07,3735.0
2019-03-08,3735.0
2019-03-09,3735.0
2019-03-10,3735.0
2019-03-11,3735.0
2019-03-12,3735.0
2019-03-13,3735.0
2019-03-14,3735.0
2019-03-15,3735.0
2019-03-16,3735.0
2019-03-17,3735.0
2019-03-18,3735.0
2019-03-19,3735.0
2019-03-20,3735.0
2019-03-21,3735.0
2019-03-22,3735.0
2019-03-23,3735.0
2019-03-24,3735.0
2019-03-25,3735.0
2019-03-26,3735.0
2019-03-27,3735.0
2019-03-28,3735.0
2019-03-29,3735.0
2019-03-30,3735.0
2019-03-31,3735.0
2019-04-01,3779.3
2019-04-02,3779.3
2019-04-03,3779.3
2019-04-04,3779.3
2019-04-05,3779.3
2019-04-06,3779.3
2019-04-07,3779.3
2019-04-08,3779.3
2019-04-09,3779.3
2019-04-10,3779.3
2019-04-11,3779.3
2019-04-12,3779.3
2019-04-13,3779.3
2019-04-14,3779.3
2019-04-15,3779.3
2019-04-16,3779.3
2019-04-17,3779.3
2019-04-18,3779.3
2019-04-19,3779.3
2019-04-20,3779.3
2019-04-21,3779.3
2019-04-22,3779.3
2019-04-23,3779.3
2019-04-24,3779.3
2019-04-25,3779.3
2019-04-26,3779.3
2019-04-27,3779.3
2019-04-28,3779.3
2019-04-29,3779.3
2019-04-30,3779.3
2019-05-01,3788.0
2019-05-02,3788.0
2019-05-03,3788.0
2019-05-04,3788.0
2019-05-05,3788.0
2019-05-06,3788.0
2019-05-07,3788.0
2019-05-08,3788.0
2019-05-09,3788.0
2019-05-10,3788.0
2019-05-11,3788.0
2019-05-12,3788.0
2019-05-13,3788.0
2019-05-14,3788.0
2019-05-15,3788.0
2019-05-16,3788.0
2019-05-17,3788.0
2019-05-18,3788.0
2019-05-19,3788.0
2019-05-20,3788.0
2019-05-21,3788.0
2019-05-22,3788.0
2019-05-23,3788.0
2019-05-24,3788.0
2019-05-25,3788.0
2019-05-26,3788.0
2019-05-27,3788.0
2019-05-28,3788.0
2019-05-29,3788.0
2019-05-30,3788.0
2019-05-31,3788.0
2019-06-01,3832.1
2019-06-02,3832.1
2019-06-03,3832.1
2019-06-04,3832.1
2019-06-05,3832.1
2019-06-06,3832.1
2019-06-07,3832.1
2019-06-08,3832.1
2019-06-09,3832.1
2019-06-10,3832.1
2019-06-11,3832.1
2019-06-12,3832.1
2019-06-13,3832.1
2019-06-14,3832.1
2019-06-15,3832.1
2019-06-16,3832.1
2019-06-17,3832.1
2019-06-18,3832.1
2019-06-19,3832.1
2019-06-20,3832.1
2019-06-21,3832.1
2019-06-22,3832.1
2019-06-23,3832.1
2019-06-24,3832.1
2019-06-25,3832.1
2019-06-26,3832.1
2019-06-27,3832.1
2019-06-28,3832.1
2019-06-29,3832.1
2019-06-30,3832.1
2019-07-01,3865.0
2019-07-02,3865.0
2019-07-03,3865.0
2019-07-04,3865.0
2019-07-05,3865.0
2019-07-06,3865.0
2019-07-07,3865.0
2019-07-08,3865.0
2019-07-09,3865.0
2019-07-10,3865.0
2019-07-11,3865.0
2019-07-12,3865.0
2019-07-13,3865.0
2019-07-14,3865.0
2019-07-15,3865.0
2019-07-16,3865.0
2019-07-17,3865.0
2019-07-18,3865.0
2019-07-19,3865.0
2019-07-20,3865.0
2019-07-21,3865.0
2019-07-22,3865.0
2019-07-23,3865.0
2019-07-24,3865.0
2019-07-25,3865.0
2019-07-26,3865.0
2019-07-27,3865.0
2019-07-28,3865.0
2019-07-29,3865.0
2019-07-30,3865.0
2019-07-31,3865.0
2019-08-01,3862.0
2019-08-02,3862.0
2019-08-03,3862.0
2019-08-04,3862.0
2019-08-05,3862.0
2019-08-06,3862.0
2019-08-07,3862.0
2019-08-08,3862.0
2019-08-09,3862.0
2019-08-10,3862.0
2019-08-11,3862.0
2019-08-12,3862.0
2019-08-13,3862.0
2019-08-14,3862.0
2019-08-15,3862.0
2019-08-16,3862.0
2019-08-17,3862.0
2019-08-18,3862.0
2019-08-19,3862.0
2019-08-20,3862.0
2019-08-21,3862.0
2019-08-22,3862.0
2019-08-23,3862.0
2019-08-24,3862.0
2019-08-25,3862.0
2019-08-26,3862.0
2019-08-27,3862.0
2019-08-28,3862.0
2019-08-29,3862.0
2019-08-30,3862.0
2019-08-31,3862.0
2019-09-01,3901.2
2019-09-02,3901.2
2019-09-03,3901.2
2019-09-04,3901.2
2019-09-05,3901.2
2019-09-06,3901.2
2019-09-07,3901.2
2019-09-08,3901.2
2019-09-09,3901.2
2019-09-10,3901.2
2019-09-11,3901.2
2019-09-12,3901.2
2019-09-13,3901.2
2019-09-14,3901.2
2019-09-15,3901.2
2019-09-16,3901.2
2019-09-17,3901.2
2019-09-18,3901.2
2019-09-19,3901.2
2019-09-20,3901.2
2019-09-21,3901.2
2019-09-22,3901.2
2019-09-23,3901.2
2019-09-24,3901.2
2019-09-25,3901.2
2019-09-26,3901.2
2019-09-27,3901.2
2019-09-28,3901.2
2019-09-29,3901.2
2019-09-30,3901.2
2019-10-01,3931.6
2019-10-02,3931.6
2019-10-03,3931.6
2019-10-04,3931.6
2019-10-05,3931.6
2019-10-06,3931.6
2019-10-07,3931.6
2019-10-08,3931.6
2019-10-09,3931.6
2019-10-10,3931.6
2019-10-11,3931.6
2019-10-12,3931.6
2019-10-13,3931.6
2019-10-14,3931.6
2019-10-15,3931.6
2019-10-16,3931.6
2019-10-17,3931.6
2019-10-18,3931.6
2019-10-19,3931.6
2019-10-20,3931.6
2019-10-21,3931.6
2019-10-22,3931.6
2019-10-23,3931.6
2019-10-24,3931.6
2019-10-25,3931.6
2019-10-26,3931.6
2019-10-27,3931.6
2019-10-28,3931.6
2019-10-29,3931.6
2019-10-30,3931.6
2019-10-31,3931.6
2019-11-01,3952.8
2019-11-02,3952.8
2019-11-03,3952.8
2019-11-04,3952.8
2019-11-05,3952.8
2019-11-06,3952.8
2019-11-07,3952.8
2019-11-08,3952.8
2019-11-09,3952.8
2019-11-10,3952.8
2019-11-11,3952.8
2019-11-12,3952.8
2019-11-13,3952.8
2019-11-14,3952.8
2019-11-15,3952.8
2019-11-16,3952.8
2019-11-17,3952.8
2019-11-18,3952.8
2019-11-19,3952.8
2019-11-20,3952.8
2019-11-21,3952.8
2019-11-22,3952.8
2019-11-23,3952.8
2019-11-24,3952.8
2019-11-25,3952.8
2019-11-26,3952.8
2019-11-27,3952.8
2019-11-28,3952.8
2019-11-29,3952.8
2019-11-30,3952.8
2019-12-01,4008.4
2019-12-02,4008.4
2019-12-03,4008.4
2019-12-04,4008.4
2019-12-05,4008.4
2019-12-06,4008.4
2019-12-07,4008.4
2019-12-08,4008.4
2019-12-09,4008.4
2019-12-10,4008.4
2019-12-11,4008.4
2019-12-12,4008.4
2019-12-13,4008.4
2019-12-14,4008.4
2019-12-15,4008.4
2019-12-16,4008.4
2019-12-17,4008.4
2019-12-18,4008.4
2019-12-19,4008.4
2019-12-20,4008.4
2019-12-21,4008.4
2019-12-22,4008.4
2019-12-23,4008.4
2019-12-24,4008.4
2019-12-25,4008.4
2019-12-26,4008.4
2019-12-27,4008.4
2019-12-28,4008.4
2019-12-29,4008.4
2019-12-30,4008.4
2019-12-31,4008.4
2020-01-01,3977.6
2020-01-02,3977.6
2020-01-03,3977.6
2020-01-04,3977.6
2020-01-05,3977.6
2020-01-06,3977.6
2020-01-07,3977.6
2020-01-08,3977.6
2020-01-09,3977.6
2020-01-10,3977.6
2020-01-11,3977.6
2020-01-12,3977.6
2020-01-13,3977.6
2020-01-14,3977.6
2020-01-15,3977.6
2020-01-16,3977.6
2020-01-17,3977.6
2020-01-18,3977.6
2020-01-19,3977.6
2020-01-20,3977.6
2020-01-21,3977.6
2020-01-22,3977.6
2020-01-23,3977.6
2020-01-24,3977.6
2020-01-25,3977.6
2020-01-26,3977.6
2020-01-27,3977.6
2020-01-28,3977.6
2020-01-29,3977.6
2020-01-30,3977.6
2020-01-31,3977.6
2020-02-01,3979.6
2020-02-02,3979.6
2020-02-03,3979.6
2020-02-04,3979.6
2020-02-05,3979.6
2020-02-06,3979.6
2020-02-07,3979.6
2020-02-08,3979.6
2020-02-09,3979.6
2020-02-10,3979.6
2020-02-11,3979.6
2020-02-12,3979.6
2020-02-13,3979.6
2020-02-14,3979.6
2020-02-15,3979.6
2020-02-16,3979.6
2020-02-17,3979.6
2020-02-18,3979.6
2020-02-19,3979.6
2020-02-20,3979.6
2020-02-21,3979.6
2020-02-22,3979.6
2020-02-23,3979.6
2020-02-24,3979.6
2020-02-25,3979.6
2020-02-26,3979.6
2020-02-27,3979.6
2020-02-28,3979.6
2020-02-29,3979.6
2020-03-01,4260.9
2020-03-02,4260.9
2020-03-03,4260.9
2020-03-04,4260.9
2020-03-05,4260.9
2020-03-06,4260.9
2020-03-07,4260.9
2020-03-08,4260.9
2020-03-09,4260.9
2020-03-10,4260.9
2020-03-11,4260.9
2020-03-12,4260.9
2020-03-13,4260.9
2020-03-14,4260.9
2020-03-15,4260.9
2020-03-16,4260.9
2020-03-17,4260.9
2020-03-18,4260.9
2020-03-19,4260.9
2020-03-20,4260.9
2020-03-21,4260.9
2020-03-22,4260.9
2020-03-23,4260.9
2020-03-24,4260.9
2020-03-25,4260.9
2020-03-26,4260.9
2020-03-27,4260.9
2020-03-28,4260.9
2020-03-29,4260.9
2020-03-30,4260.9
2020-03-31,4260.9
2020-04-01,4788.8
2020-04-02,4788.8
2020-04-03,4788.8
2020-04-04,4788.8
2020-04-05,4788.8
2020-04-06,4788.8
2020-04-07,4788.8
2020-04-08,4788.8
2020-04-09,4788.8
2020-04-10,4788.8
2020-04-11,4788.8
2020-04-12,4788.8
2020-04-13,4788.8
2020-04-14,4788.8
2020-04-15,4788.8
2020-04-16,4788.8
2020-04-17,4788.8
2020-04-18,4788.8
2020-04-19,4788.8
2020-04-20,4788.8
2020-04-21,4788.8
2020-04-22,4788.8
2020-04-23,4788.8
2020-04-24,4788.8
2020-04-25,4788.8
2020-04-26,4788.8
2020-04-27,4788.8
2020-04-28,4788.8
2020-04-29,4788.8
2020-04-30,4788.8
2020-05-01,16245.5
2020-05-02,16245.5
2020-05-03,16245.5
2020-05-04,16245.5
2020-05-05,16245.5
2020-05-06,16245.5
2020-05-07,16245.5
2020-05-08,16245.5
2020-05-09,16245.5
2020-05-10,16245.5
2020-05-11,16245.5
2020-05-12,16245.5
2020-05-13,16245.5
2020-05-14,16245.5
2020-05-15,16245.5
2020-05-16,16245.5
2020-05-17,16245.5
2020-05-18,16245.5
2020-05-19,16245.5
2020-05-20,16245.5
2020-05-21,16245.5
2020-05-22,16245.5
2020-05-23,16245.5
2020-05-24,16245.5
2020-05-25,16245.5
2020-05-26,16245.5
2020-05-27,16245.5
2020-05-28,16245.5
2020-05-29,16245.5
2020-05-30,16245.5
2020-05-31,16245.5
2020-06-01,16574.1
2020-06-02,16574.1
2020-06-03,16574.1
2020-06-04,16574.1
2020-06-05,16574.1
2020-06-06,16574.1
2020-06-07,16574.1
2020-06-08,16574.1
2020-06-09,16574.1
2020-06-10,16574.1
2020-06-11,16574.1
2020-06-12,16574.1
2020-06-13,16574.1
2020-06-14,16574.1
2020-06-15,16574.1
2020-06-16,16574.1
2020-06-17,16574.1
2020-06-18,16574.1
2020-06-19,16574.1
2020-06-20,16574.1
2020-06-21,16574.1
2020-06-22,16574.1
2020-06-23,16574.1
2020-06-24,16574.1
2020-06-25,16574.1
2020-06-26,16574.1
2020-06-27,16574.1
2020-06-28,16574.1
2020-06-29,16574.1
2020-06-30,16574.1
2020-07-01,16774.5
2020-07-02,16774.5
2020-07-03,16774.5
2020-07-04,16774.5
2020-07-05,16774.5
2020-07-06,16774.5
2020-07-07,16774.5
2020-07-08,16774.5
2020-07-09,16774.5
2020-07-10,16774.5
2020-07-11,16774.5
2020-07-12,16774.5
2020-07-13,16774.5
2020-07-14,16774.5
2020-07-15,16774.5
2020-07-16,16774.5
2020-07-17,16774.5
2020-07-18,16774.5
2020-07-19,16774.5
2020-07-20,16774.5
2020-07-21,16774.5
2020-07-22,16774.5
2020-07-23,16774.5
2020-07-24,16774.5
2020-07-25,16774.5
2020-07-26,16774.5
2020-07-27,16774.5
2020-07-28,16774.5
2020-07-29,16774.5
2020-07-30,16774.5
2020-07-31,16774.5
2020-08-01,16898.8
2020-08-02,16898.8
2020-08-03,16898.8
2020-08-04,16898.8
2020-08-05,16898.8
2020-08-06,16898.8
2020-08-07,16898.8
2020-08-08,16898.8
2020-08-09,16898.8
2020-08-10,16898.8
2020-08-11,16898.8
2020-08-12,16898.8
2020-08-13,16898.8
2020-08-14,16898.8
2020-08-15,16898.8
2020-08-16,16898.8
2020-08-17,16898.8
2020-08-18,16898.8
2020-08-19,16898.8
2020-08-20,16898.8
2020-08-21,16898.8
2020-08-22,16898.8
2020-08-23,16898.8
2020-08-24,16898.8
2020-08-25,16898.8
2020-08-26,16898.8
2020-08-27,16898.8
2020-08-28,16898.8
2020-08-29,16898.8
2020-08-30,16898.8
2020-08-31,16898.8
2020-09-01,17170.5
2020-09-02,17170.5
2020-09-03,17170.5
2020-09-04,17170.5
2020-09-05,17170.5
2020-09-06,17170.5
2020-09-07,17170.5
2020-09-08,17170.5
2020-09-09,17170.5
2020-09-10,17170.5
2020-09-11,17170.5
2020-09-12,17170.5
2020-09-13,17170.5
2020-09-14,17170.5
2020-09-15,17170.5
2020-09-16,17170.5
2020-09-17,17170.5
2020-09-18,17170.5
2020-09-19,17170.5
2020-09-20,17170.5
2020-09-21,17170.5
2020-09-22,17170.5
2020-09-23,17170.5
2020-09-24,17170.5
2020-09-25,17170.5
2020-09-26,17170.5
2020-09-27,17170.5
2020-09-28,17170.5
2020-09-29,17170.5
2020-09-30,17170.5
2020-10-01,17365.7
2020-10-02,17365.7
2020-10-03,17365.7
2020-10-04,17365.7
2020-10-05,17365.7
2020-10-06,17365.7
2020-10-07,17365.7
2020-10-08,17365.7
2020-10-09,17365.7
2020-10-10,17365.7
2020-10-11,17365.7
2020-10-12,17365.7
2020-10-13,17365.7
2020-10-14,17365.7
2020-10-15,17365.7
2020-10-16,17365.7
2020-10-17,17365.7
2020-10-18,17365.7
2020-10-19,17365.7
2020-10-20,17365.7
2020-10-21,17365.7
2020-10-22,17365.7
2020-10-23,17365.7
2020-10-24,17365.7
2020-10-25,17365.7
2020-10-26,17365.7
2020-10-27,17365.7
2020-10-28,17365.7
2020-10-29,17365.7
2020-10-30,17365.7
2020-10-31,17365.7
2020-11-01,17612.9
2020-11-02,17612.9
2020-11-03,17612.9
2020-11-04,17612.9
2020-11-05,17612.9
2020-11-06,17612.9
2020-11-07,17612.9
2020-11-08,17612.9
2020-11-09,17612.9
2020-11-10,17612.9
2020-11-11,17612.9
2020-11-12,17612.9
2020-11-13,17612.9
2020-11-14,17612.9
2020-11-15,17612.9
2020-11-16,17612.9
2020-11-17,17612.9
2020-11-18,17612.9
2020-11-19,17612.9
2020-11-20,17612.9
2020-11-21,17612.9
2020-11-22,17612.9
2020-11-23,17612.9
2020-11-24,17612.9
2020-11-25,17612.9
2020-11-26,17612.9
2020-11-27,17612.9
2020-11-28,17612.9
2020-11-29,17612.9
2020-11-30,17612.9
2020-12-01,17803.0
2020-12-02,17803.0
2020-12-03,17803.0
2020-12-04,17803.0
2020-12-05,17803.0
2020-12-06,17803.0
2020-12-07,17803.0
2020-12-08,17803.0
2020-12-09,17803.0
2020-12-10,17803.0
2020-12-11,17803.0
2020-12-12,17803.0
2020-12-13,17803.0
2020-12-14,17803.0
2020-12-15,17803.0
2020-12-16,17803.0
2020-12-17,17803.0
2020-12-18,17803.0
2020-12-19,17803.0
2020-12-20,17803.0
2020-12-21,17803.0
2020-12-22,17803.0
2020-12-23,17803.0
2020-12-24,17803.0
2020-12-25,17803.0
2020-12-26,17803.0
2020-12-27,17803.0
2020-12-28,17803.0
2020-12-29,17803.0
2020-12-30,17803.0
2020-12-31,17803.0
2021-01-01,18063.0
2021-01-02,18063.0
2021-01-03,18063.0
2021-01-04,18063.0
2021-01-05,18063.0
2021-01-06,18063.0
2021-01-07,18063.0
2021-01-08,18063.0
2021-01-09,18063.0
2021-01-10,18063.0
2021-01-11,18063.0
2021-01-12,18063.0
2021-01-13,18063.0
2021-01-14,18063.0
2021-01-15,18063.0
2021-01-16,18063.0
2021-01-17,18063.0
2021-01-18,18063.0
2021-01-19,18063.0
2021-01-20,18063.0
2021-01-21,18063.0
2021-01-22,18063.0
2021-01-23,18063.0
2021-01-24,18063.0
2021-01-25,18063.0
2021-01-26,18063.0
2021-01-27,18063.0
2021-01-28,18063.0
2021-01-29,18063.0
2021-01-30,18063.0
2021-01-31,18063.0
2021-02-01,18322.3
2021-02-02,18322.3
2021-02-03,18322.3
2021-02-04,18322.3
2021-02-05,18322.3
2021-02-06,18322.3
2021-02-07,18322.3
2021-02-08,18322.3
2021-02-09,18322.3
2021-02-10,18322.3
2021-02-11,18322.3
2021-02-12,18322.3
2021-02-13,18322.3
2021-02-14,18322.3
2021-02-15,18322.3
2021-02-16,18322.3
2021-02-17,18322.3
2021-02-18,18322.3
2021-02-19,18322.3
2021-02-20,18322.3
2021-02-21,18322.3
2021-02-22,18322.3
2021-02-23,18322.3
2021-02-24,18322.3
2021-02-25,18322.3
2021-02-26,18322.3
2021-02-27,18322.3
2021-02-28,18322.3
2021-03-01,18595.7
2021-03-02,18595.7
2021-03-03,18595.7
2021-03-04,18595.7
2021-03-05,18595.7
2021-03-06,18595.7
2021-03-07,18595.7
2021-03-08,18595.7
2021-03-09,18595.7
2021-03-10,18595.7
2021-03-11,18595.7
2021-03-12,18595.7
2021-03-13,18595.7
2021-03-14,18595.7
2021-03-15,18595.7
2021-03-16,18595.7
2021-03-17,18595.7
2021-03-18,18595.7
2021-03-19,18595.7
2021-03-20,18595.7
2021-03-21,18595.7
2021-03-22,18595.7
2021-03-23,18595.7
2021-03-24,18595.7
2021-03-25,18595.7
2021-03-26,18595.7
2021-03-27,18595.7
2021-03-28,18595.7
2021-03-29,18595.7
2021-03-30,18595.7
2021-03-31,18595.7
2021-04-01,18946.2
2021-04-02,18946.2
2021-04-03,18946.2
2021-04-04,18946.2
2021-04-05,18946.2
2021-04-06,18946.2
2021-04-07,18946.2
2021-04-08,18946.2
2021-04-09,18946.2
2021-04-10,18946.2
2021-04-11,18946.2
2021-04-12,18946.2
2021-04-13,18946.2
2021-04-14,18946.2
2021-04-15,18946.2
2021-04-16,18946.2
2021-04-17,18946.2
2021-04-18,18946.2
2021-04-19,18946.2
2021-04-20,18946.2
2021-04-21,18946.2
2021-04-22,18946.2
2021-04-23,18946.2
2021-04-24,18946.2
2021-04-25,18946.2
2021-04-26,18946.2
2021-04-27,18946.2
2021-04-28,18946.2
2021-04-29,18946.2
2021-04-30,18946.2
2021-05-01,19266.3
2021-05-02,19266.3
2021-05-03,19266.3
2021-05-04,19266.3
2021-05-05,19266.3
2021-05-06,19266.3
2021-05-07,19266.3
2021-05-08,19266.3
2021-05-09,19266.3
2021-05-10,19266.3
2021-05-11,19266.3
2021-05-12,19266.3
2021-05-13,19266.3
2021-05-14,19266.3
2021-05-15,19266.3
2021-05-16,19266.3
2021-05-17,19266.3
2021-05-18,19266.3
2021-05-19,19266.3
2021-05-20,19266.3
2021-05-21,19266.3
2021-05-22,19266.3
2021-05-23,19266.3
2021-05-24,19266.3
2021-05-25,19266.3
2021-05-26,19266.3
2021-05-27,19266.3
2021-05-28,19266.3
2021-05-29,19266.3
2021-05-30,19266.3
2021-05-31,19266.3
2021-06-01,19327.2
2021-06-02,19327.2
2021-06-03,19327.2
2021-06-04,19327.2
2021-06-05,19327.2
2021-06-06,19327.2
2021-06-07,19327.2
2021-06-08,19327.2
2021-06-09,19327.2
2021-06-10,19327.2
2021-06-11,19327.2
2021-06-12,19327.2
2021-06-13,19327.2
2021-06-14,19327.2
2021-06-15,19327.2
2021-06-16,19327.2
2021-06-17,19327.2
2021-06-18,19327.2
2021-06-19,19327.2
2021-06-20,19327.2
2021-06-21,19327.2
2021-06-22,19327.2
2021-06-23,19327.2
2021-06-24,19327.2
2021-06-25,19327.2
2021-06-26,19327.2
2021-06-27,19327.2
2021-06-28,19327.2
2021-06-29,19327.2
2021-06-30,19327.2
2021-07-01,19494.0
2021-07-02,19494.0
2021-07-03,19494.0
2021-07-04,19494.0
2021-07-05,19494.0
2021-07-06,19494.0
2021-07-07,19494.0
2021-07-08,19494.0
2021-07-09,19494.0
2021-07-10,19494.0
2021-07-11,19494.0
2021-07-12,19494.0
2021-07-13,19494.0
2021-07-14,19494.0
2021-07-15,19494.0
2021-07-16,19494.0
2021-07-17,19494.0
2021-07-18,19494.0
2021-07-19,19494.0
2021-07-20,19494.0
2021-07-21,19494.0
2021-07-22,19494.0
2021-07-23,19494.0
2021-07-24,19494.0
2021-07-25,19494.0
2021-07-26,19494.0
2021-07-27,19494.0
2021-07-28,19494.0
2021-07-29,19494.0
2021-07-30,19494.0
2021-07-31,19494.0
2021-08-01,19720.9
2021-08-02,19720.9
2021-08-03,19720.9
2021-08-04,19720.9
2021-08-05,19720.9
2021-08-06,19720.9
2021-08-07,19720.9
2021-08-08,19720.9
2021-08-09,19720.9
2021-08-10,19720.9
2021-08-11,19720.9
2021-08-12,19720.9
2021-08-13,19720.9
2021-08-14,19720.9
2021-08-15,19720.9
2021-08-16,19720.9
2021-08-17,19720.9
2021-08-18,19720.9
2021-08-19,19720.9
2021-08-20,19720.9
2021-08-21,19720.9
2021-08-22,19720.9
2021-08-23,19720.9
2021-08-24,19720.9
2021-08-25,19720.9
2021-08-26,19720.9
2021-08-27,19720.9
2021-08-28,19720.9
2021-08-29,19720.9
2021-08-30,19720.9
2021-08-31,19720.9
2021-09-01,19863.2
2021-09-02,19863.2
2021-09-03,19863.2
2021-09-04,19863.2
2021-09-05,19863.2
2021-09-06,19863.2
2021-09-07,19863.2
2021-09-08,19863.2
2021-09-09,19863.2
2021-09-10,19863.2
2021-09-11,19863.2
2021-09-12,19863.2
2021-09-13,19863.2
2021-09-14,19863.2
2021-09-15,19863.2
2021-09-16,19863.2
2021-09-17,19863.2
2021-09-18,19863.2
2021-09-19,19863.2
2021-09-20,19863.2
2021-09-21,19863.2
2021-09-22,19863.2
2021-09-23,19863.2
2021-09-24,19863.2
2021-09-25,19863.2
2021-09-26,19863.2
2021-09-27,19863.2
2021-09-28,19863.2
2021-09-29,19863.2
2021-09-30,19863.2
2021-10-01,20057.2
2021-10-02,20057.2
2021-10-03,20057.2
2021-10-04,20057.2
2021-10-05,20057.2
2021-10-06,20057.2
2021-10-07,20057.2
2021-10-08,20057.2
2021-10-09,20057.2
2021-10-10,20057.2
2021-10-11,20057.2
2021-10-12,20057.2
2021-10-13,20057.2
2021-10-14,20057.2
2021-10-15,20057.2
2021-10-16,20057.2
2021-10-17,20057.2
2021-10-18,20057.2
2021-10-19,20057.2
2021-10-20,20057.2
2021-10-21,20057.2
2021-10-22,20057.2
2021-10-23,20057.2
2021-10-24,20057.2
2021-10-25,20057.2
2021-10-26,20057.2
2021-10-27,20057.2
2021-10-28,20057.2
2021-10-29,20057.2
2021-10-30,20057.2
2021-10-31,20057.2
2021-11-01,20246.8
2021-11-02,20246.8
2021-11-03,20246.8
2021-11-04,20246.8
2021-11-05,20246.8
2021-11-06,20246.8
2021-11-07,20246.8
2021-11-08,20246.8
2021-11-09,20246.8
2021-11-10,20246.8
2021-11-11,20246.8
2021-11-12,20246.8
2021-11-13,20246.8
2021-11-14,20246.8
2021-11-15,20246.8
2021-11-16,20246.8
2021-11-17,20246.8
2021-11-18,20246.8
2021-11-19,20246.8
2021-11-20,20246.8
2021-11-21,20246.8
2021-11-22,20246.8
2021-11-23,20246.8
2021-11-24,20246.8
2021-11-25,20246.8
2021-11-26,20246.8
2021-11-27,20246.8
2021-11-28,20246.8
2021-11-29,20246.8
2021-11-30,20246.8
2021-12-01,20436.2
2021-12-02,20436.2
2021-12-03,20436.2
2021-12-04,20436.2
2021-12-05,20436.2
2021-12-06,20436.2
2021-12-07,20436.2
2021-12-08,20436.2
2021-12-09,20436.2
2021-12-10,20436.2
2021-12-11,20436.2
2021-12-12,20436.2
2021-12-13,20436.2
2021-12-14,20436.2
2021-12-15,20436.2
2021-12-16,20436.2
2021-12-17,20436.2
2021-12-18,20436.2
2021-12-19,20436.2
2021-12-20,20436.2
2021-12-21,20436.2
2021-12-22,20436.2
2021-12-23,20436.2
2021-12-24,20436.2
2021-12-25,20436.2
2021-12-26,20436.2
2021-12-27,20436.2
2021-12-28,20436.2
2021-12-29,20436.2
2021-12-30,20436.2
2021-12-31,20436.2
2022-01-01,20500.2
2022-01-02,20500.2
2022-01-03,20500.2
2022-01-04,20500.2
2022-01-05,20500.2
2022-01-06,20500.2
2022-01-07,20500.2
2022-01-08,20500.2
2022-01-09,20500.2
2022-01-10,20500.2
2022-01-11,20500.2
2022-01-12,20500.2
2022-01-13,20500.2
2022-01-14,20500.2
2022-01-15,20500.2
2022-01-16,20500.2
2022-01-17,20500.2
2022-01-18,20500.2
2022-01-19,20500.2
2022-01-20,20500.2
2022-01-21,20500.2
2022-01-22,20500.2
2022-01-23,20500.2
2022-01-24,20500.2
2022-01-25,20500.2
2022-01-26,20500.2
2022-01-27,20500.2
2022-01-28,20500.2
2022-01-29,20500.2
2022-01-30,20500.2
2022-01-31,20500.2
2022-02-01,20577.9
2022-02-02,20577.9
2022-02-03,20577.9
2022-02-04,20577.9
2022-02-05,20577.9
2022-02-06,20577.9
2022-02-07,20577.9
2022-02-08,20577.9
2022-02-09,20577.9
2022-02-10,20577.9
2022-02-11,20577.9
2022-02-12,20577.9
2022-02-13,20577.9
2022-02-14,20577.9
2022-02-15,20577.9
2022-02-16,20577.9
2022-02-17,20577.9
2022-02-18,20577.9
2022-02-19,20577.9
2022-02-20,20577.9
2022-02-21,20577.9
2022-02-22,20577.9
2022-02-23,20577.9
2022-02-24,20577.9
2022-02-25,20577.9
2022-02-26,20577.9
2022-02-27,20577.9
2022-02-28,20577.9
2022-03-01,20691.0
2022-03-02,20691.0
2022-03-03,20691.0
2022-03-04,20691.0
2022-03-05,20691.0
2022-03-06,20691.0
2022-03-07,20691.0
2022-03-08,20691.0
2022-03-09,20691.0
2022-03-10,20691.0
2022-03-11,20691.0
2022-03-12,20691.0
2022-03-13,20691.0
2022-03-14,20691.0
2022-03-15,20691.0
2022-03-16,20691.0
2022-03-17,20691.0
2022-03-18,20691.0
2022-03-19,20691.0
2022-03-20,20691.0
2022-03-21,20691.0
2022-03-22,20691.0
2022-03-23,20691.0
2022-03-24,20691.0
2022-03-25,20691.0
2022-03-26,20691.0
2022-03-27,20691.0
2022-03-28,20691.0
2022-03-29,20691.0
2022-03-30,20691.0
2022-03-31,20691.0
2022-04-01,20708.4
2022-04-02,20708.4
2022-04-03,20708.4
2022-04-04,20708.4
2022-04-05,20708.4
2022-04-06,20708.4
2022-04-07,20708.4
2022-04-08,20708.4
2022-04-09,20708.4
2022-04-10,20708.4
2022-04-11,20708.4
2022-04-12,20708.4
2022-04-13,20708.4
2022-04-14,20708.4
2022-04-15,20708.4
2022-04-16,20708.4
2022-04-17,20708.4
2022-04-18,20708.4
2022-04-19,20708.4
2022-04-20,20708.4
2022-04-21,20708.4
2022-04-22,20708.4
2022-04-23,20708.4
2022-04-24,20708.4
2022-04-25,20708.4
2022-04-26,20708.4
2022-04-27,20708.4
2022-04-28,20708.4
2022-04-29,20708.4
2022-04-30,20708.4
2022-05-01,20676.3
2022-05-02,20676.3
2022-05-03,20676.3
2022-05-04,20676.3
2022-05-05,20676.3
2022-05-06,20676.3
2022-05-07,20676.3
2022-05-08,20676.3
2022-05-09,20676.3
2022-05-10,20676.3
2022-05-11,20676.3
2022-05-12,20676.3
2022-05-13,20676.3
2022-05-14,20676.3
2022-05-15,20676.3
2022-05-16,20676.3
2022-05-17,20676.3
2022-05-18,20676.3
2022-05-19,20676.3
2022-05-20,20676.3
2022-05-21,20676.3
2022-05-22,20676.3
2022-05-23,20676.3
2022-05-24,20676.3
2022-05-25,20676.3
2022-05-26,20676.3
2022-05-27,20676.3
2022-05-28,20676.3
2022-05-29,20676.3
2022-05-30,20676.3
2022-05-31,20676.3
2022-06-01,20606.7
2022-06-02,20606.7
2022-06-03,20606.7
2022-06-04,20606.7
2022-06-05,20606.7
2022-06-06,20606.7
2022-06-07,20606.7
2022-06-08,20606.7
2022-06-09,20606.7
2022-06-10,20606.7
2022-06-11,20606.7
2022-06-12,20606.7
2022-06-13,20606.7
2022-06-14,20606.7
2022-06-15,20606.7
2022-06-16,20606.7
2022-06-17,20606.7
2022-06-18,20606.7
2022-06-19,20606.7
2022-06-20,20606.7
2022-06-21,20606.7
2022-06-22,20606.7
2022-06-23,20606.7
2022-06-24,20606.7
2022-06-25,20606.7
2022-06-26,20606.7
2022-06-27,20606.7
2022-06-28,20606.7
2022-06-29,20606.7
2022-06-30,20606.7
2022-07-01,20540.8
2022-07-02,20540.8
2022-07-03,20540.8
2022-07-04,20540.8
2022-07-05,20540.8
2022-07-06,20540.8
2022-07-07,20540.8
2022-07-08,20540.8
2022-07-09,20540.8
2022-07-10,20540.8
2022-07-11,20540.8
2022-07-12,20540.8
2022-07-13,20540.8
2022-07-14,20540.8
2022-07-15,20540.8
2022-07-16,20540.8
2022-07-17,20540.8
2022-07-18,20540.8
2022-07-19,20540.8
2022-07-20,20540.8
2022-07-21,20540.8
2022-07-22,20540.8
2022-07-23,20540.8
2022-07-24,20540.8
2022-07-25,20540.8
2022-07-26,20540.8
2022-07-27,20540.8
2022-07-28,20540.8
2022-07-29,20540.8
2022-07-30,20540.8
2022-07-31,20540.8
2022-08-01,20456.5
2022-08-02,20456.5
2022-08-03,20456.5
2022-08-04,20456.5
2022-08-05,20456.5
2022-08-06,20456.5
2022-08-07,20456.5
2022-08-08,20456.5
2022-08-09,20456.5
2022-08-10,20456.5
2022-08-11,20456.5
2022-08-12,20456.5
2022-08-13,20456.5
2022-08-14,20456.5
2022-08-15,20456.5
2022-08-16,20456.5
2022-08-17,20456.5
2022-08-18,20456.5
2022-08-19,20456.5
2022-08-20,20456.5
2022-08-21,20456.5
2022-08-22,20456.5
2022-08-23,20456.5
2022-08-24,20456.5
2022-08-25,20456.5
2022-08-26,20456.5
2022-08-27,20456.5
2022-08-28,20456.5
2022-08-29,20456.5
2022-08-30,20456.5
2022-08-31,20456.5
2022-09-01,20304.2
2022-09-02,20304.2
2022-09-03,20304.2
2022-09-04,20304.2
2022-09-05,20304.2
2022-09-06,20304.2
2022-09-07,20304.2
2022-09-08,20304.2
2022-09-09,20304.2
2022-09-10,20304.2
2022-09-11,20304.2
2022-09-12,20304.2
2022-09-13,20304.2
2022-09-14,20304.2
2022-09-15,20304.2
2022-09-16,20304.2
2022-09-17,20304.2
2022-09-18,20304.2
2022-09-19,20304.2
2022-09-20,20304.2
2022-09-21,20304.2
2022-09-22,20304.2
2022-09-23,20304.2
2022-09-24,20304.2
2022-09-25,20304.2
2022-09-26,20304.2
2022-09-27,20304.2
2022-09-28,20304.2
2022-09-29,20304.2
2022-09-30,20304.2
2022-10-01,20142.1
2022-10-02,20142.1
2022-10-03,20142.1
2022-10-04,20142.1
2022-10-05,20142.1
2022-10-06,20142.1
2022-10-07,20142.1
2022-10-08,20142.1
2022-10-09,20142.1
2022-10-10,20142.1
2022-10-11,20142.1
2022-10-12,20142.1
2022-10-13,20142.1
2022-10-14,20142.1
2022-10-15,20142.1
2022-10-16,20142.1
2022-10-17,20142.1
2022-10-18,20142.1
2022-10-19,20142.1
2022-10-20,20142.1
2022-10-21,20142.1
2022-10-22,20142.1
2022-10-23,20142.1
2022-10-24,20142.1
2022-10-25,20142.1
2022-10-26,20142.1
2022-10-27,20142.1
2022-10-28,20142.1
2022-10-29,20142.1
2022-10-30,20142.1
2022-10-31,20142.1
2022-11-01,19972.8
2022-11-02,19972.8
2022-11-03,19972.8
2022-11-04,19972.8
2022-11-05,19972.8
2022-11-06,19972.8
2022-11-07,19972.8
2022-11-08,19972.8
2022-11-09,19972.8
2022-11-10,19972.8
2022-11-11,19972.8
2022-11-12,19972.8
2022-11-13,19972.8
2022-11-14,19972.8
2022-11-15,19972.8
2022-11-16,19972.8
2022-11-17,19972.8
2022-11-18,19972.8
2022-11-19,19972.8
2022-11-20,19972.8
2022-11-21,19972.8
2022-11-22,19972.8
2022-11-23,19972.8
2022-11-24,19972.8
2022-11-25,19972.8
2022-11-26,19972.8
2022-11-27,19972.8
2022-11-28,19972.8
2022-11-29,19972.8
2022-11-30,19972.8
2022-12-01,19765.0
2022-12-02,19765.0
2022-12-03,19765.0
2022-12-04,19765.0
2022-12-05,19765.0
2022-12-06,19765.0
2022-12-07,19765.0
2022-12-08,19765.0
2022-12-09,19765.0
2022-12-10,19765.0
2022-12-11,19765.0
2022-12-12,19765.0
2022-12-13,19765.0
2022-12-14,19765.0
2022-12-15,19765.0
2022-12-16,19765.0
2022-12-17,19765.0
2022-12-18,19765.0
2022-12-19,19765.0
2022-12-20,19765.0
2022-12-21,19765.0
2022-12-22,19765.0
2022-12-23,19765.0
2022-12-24,19765.0
2022-12-25,19765.0
2022-12-26,19765.0
2022-12-27,19765.0
2022-12-28,19765.0
2022-12-29,19765.0
2022-12-30,19765.0
2022-12-31,19765.0
2023-01-01,19554.0
2023-01-02,19554.0
2023-01-03,19554.0
2023-01-04,19554.0
2023-01-05,19554.0
2023-01-06,19554.0
2023-01-07,19554.0
2023-01-08,19554.0
2023-01-09,19554.0
2023-01-10,19554.0
2023-01-11,19554.0
2023-01-12,19554.0
2023-01-13,19554.0
2023-01-14,19554.0
2023-01-15,19554.0
2023-01-16,19554.0
2023-01-17,19554.0
2023-01-18,19554.0
2023-01-19,19554.0
2023-01-20,19554.0
2023-01-21,19554.0
2023-01-22,19554.0
2023-01-23,19554.0
2023-01-24,19554.0
2023-01-25,19554.0
2023-01-26,19554.0
2023-01-27,19554.0
2023-01-28,19554.0
2023-01-29,19554.0
2023-01-30,19554.0
2023-01-31,19554.0
2023-02-01,19362.9
2023-02-02,19362.9
2023-02-03,19362.9
2023-02-04,19362.9
2023-02-05,19362.9
2023-02-06,19362.9
2023-02-07,19362.9
2023-02-08,19362.9
2023-02-09,19362.9
2023-02-10,19362.9
2023-02-11,19362.9
2023-02-12,19362.9
2023-02-13,19362.9
2023-02-14,19362.9
2023-02-15,19362.9
2023-02-16,19362.9
2023-02-17,19362.9
2023-02-18,19362.9
2023-02-19,19362.9
2023-02-20,19362.9
2023-02-21,19362.9
2023-02-22,19362.9
2023-02-23,19362.9
2023-02-24,19362.9
2023-02-25,19362.9
2023-02-26,19362.9
2023-02-27,19362.9
2023-02-28,19362.9
2023-03-01,18968.9
2023-03-02,18968.9
2023-03-03,18968.9
2023-03-04,18968.9
2023-03-05,18968.9
2023-03-06,18968.9
2023-03-07,18968.9
2023-03-08,18968.9
2023-03-09,18968.9
2023-03-10,18968.9
2023-03-11,18968.9
2023-03-12,18968.9
2023-03-13,18968.9
2023-03-14,18968.9
2023-03-15,18968.9
2023-03-16,18968.9
2023-03-17,18968.9
2023-03-18,18968.9
2023-03-19,18968.9
2023-03-20,18968.9
2023-03-21,18968.9
2023-03-22,18968.9
2023-03-23,18968.9
2023-03-24,18968.9
2023-03-25,18968.9
2023-03-26,18968.9
2023-03-27,18968.9
2023-03-28,18968.9
2023-03-29,18968.9
2023-03-30,18968.9
2023-03-31,18968.9
2023-04-01,18647.2
2023-04-02,18647.2
2023-04-03,18647.2
2023-04-04,18647.2
2023-04-05,18647.2
2023-04-06,18647.2
2023-04-07,18647.2
2023-04-08,18647.2
2023-04-09,18647.2
2023-04-10,18647.2
2023-04-11,18647.2
2023-04-12,18647.2
2023-04-13,18647.2
2023-04-14,18647.2
2023-04-15,18647.2
2023-04-16,18647.2
2023-04-17,18647.2
2023-04-18,18647.2
2023-04-19,18647.2
2023-04-20,18647.2
2023-04-21,18647.2
2023-04-22,18647.2
2023-04-23,18647.2
2023-04-24,18647.2
2023-04-25,18647.2
2023-04-26,18647.2
2023-04-27,18647.2
2023-04-28,18647.2
2023-04-29,18647.2
2023-04-30,18647.2
2023-05-01,18596.4
2023-05-02,18596.4
2023-05-03,18596.4
2023-05-04,18596.4
2023-05-05,18596.4
2023-05-06,18596.4
2023-05-07,18596.4
2023-05-08,18596.4
2023-05-09,18596.4
2023-05-10,18596.4
2023-05-11,18596.4
2023-05-12,18596.4
2023-05-13,18596.4
2023-05-14,18596.4
2023-05-15,18596.4
2023-05-16,18596.4
2023-05-17,18596.4
2023-05-18,18596.4
2023-05-19,18596.4
2023-05-20,18596.4
2023-05-21,18596.4
2023-05-22,18596.4
2023-05-23,18596.4
2023-05-24,18596.4
2023-05-25,18596.4
2023-05-26,18596.4
2023-05-27,18596.4
2023-05-28,18596.4
2023-05-29,18596.4
2023-05-30,18596.4
2023-05-31,18596.4
2023-06-01,18485.8
2023-06-02,18485.8
2023-06-03,18485.8
2023-06-04,18485.8
2023-06-05,18485.8
2023-06-06,18485.8
2023-06-07,18485.8
2023-06-08,18485.8
2023-06-09,18485.8
2023-06-10,18485.8
2023-06-11,18485.8
2023-06-12,18485.8
2023-06-13,18485.8
2023-06-14,18485.8
2023-06-15,18485.8
2023-06-16,18485.8
2023-06-17,18485.8
2023-06-18,18485.8
2023-06-19,18485.8
2023-06-20,18485.8
2023-06-21,18485.8
2023-06-22,18485.8
2023-06-23,18485.8
2023-06-24,18485.8
2023-06-25,18485.8
2023-06-26,18485.8
2023-06-27,18485.8
2023-06-28,18485.8
2023-06-29,18485.8
2023-06-30,18485.8
2023-07-01,18381.7
2023-07-02,18381.7
2023-07-03,18381.7
2023-07-04,18381.7
2023-07-05,18381.7
2023-07-06,18381.7
2023-07-07,18381.7
2023-07-08,18381.7
2023-07-09,18381.7
2023-07-10,18381.7
2023-07-11,18381.7
2023-07-12,18381.7
2023-07-13,18381.7
2023-07-14,18381.7
2023-07-15,18381.7
2023-07-16,18381.7
2023-07-17,18381.7
2023-07-18,18381.7
2023-07-19,18381.7
2023-07-20,18381.7
2023-07-21,18381.7
2023-07-22,18381.7
2023-07-23,18381.7
2023-07-24,18381.7
2023-07-25,18381.7
2023-07-26,18381.7
2023-07-27,18381.7
2023-07-28,18381.7
2023-07-29,18381.7
2023-07-30,18381.7
2023-07-31,18381.7
2023-08-01,18271.6
2023-08-02,18271.6
2023-08-03,18271.6
2023-08-04,18271.6
2023-08-05,18271.6
2023-08-06,18271.6
2023-08-07,18271.6
2023-08-08,18271.6
2023-08-09,18271.6
2023-08-10,18271.6
2023-08-11,18271.6
2023-08-12,18271.6
2023-08-13,18271.6
2023-08-14,18271.6
2023-08-15,18271.6
2023-08-16,18271.6
2023-08-17,18271.6
2023-08-18,18271.6
2023-08-19,18271.6
2023-08-20,18271.6
2023-08-21,18271.6
2023-08-22,18271.6
2023-08-23,18271.6
2023-08-24,18271.6
2023-08-25,18271.6
2023-08-26,18271.6
2023-08-27,18271.6
2023-08-28,18271.6
2023-08-29,18271.6
2023-08-30,18271.6
2023-08-31,18271.6
2023-09-01,18151.7
2023-09-02,18151.7
2023-09-03,18151.7
2023-09-04,18151.7
2023-09-05,18151.7
2023-09-06,18151.7
2023-09-07,18151.7
2023-09-08,18151.7
2023-09-09,18151.7
2023-09-10,18151.7
2023-09-11,18151.7
2023-09-12,18151.7
2023-09-13,18151.7
2023-09-14,18151.7
2023-09-15,18151.7
2023-09-16,18151.7
2023-09-17,18151.7
2023-09-18,18151.7
2023-09-19,18151.7
2023-09-20,18151.7
2023-09-21,18151.7
2023-09-22,18151.7
2023-09-23,18151.7
2023-09-24,18151.7
2023-09-25,18151.7
2023-09-26,18151.7
2023-09-27,18151.7
2023-09-28,18151.7
2023-09-29,18151.7
2023-09-30,18151.7
2023-10-01,18070.1
2023-10-02,18070.1
2023-10-03,18070.1
2023-10-04,18070.1
2023-10-05,18070.1
2023-10-06,18070.1
2023-10-07,18070.1
2023-10-08,18070.1
2023-10-09,18070.1
2023-10-10,18070.1
2023-10-11,18070.1
2023-10-12,18070.1
2023-10-13,18070.1
2023-10-14,18070.1
2023-10-15,18070.1
2023-10-16,18070.1
2023-10-17,18070.1
2023-10-18,18070.1
2023-10-19,18070.1
2023-10-20,18070.1
2023-10-21,18070.1
2023-10-22,18070.1
2023-10-23,18070.1
2023-10-24,18070.1
2023-10-25,18070.1
2023-10-26,18070.1
2023-10-27,18070.1
2023-10-28,18070.1
2023-10-29,18070.1
2023-10-30,18070.1
2023-10-31,18070.1
2023-11-01,18009.0
2023-11-02,18009.0
2023-11-03,18009.0
2023-11-04,18009.0
2023-11-05,18009.0
2023-11-06,18009.0
2023-11-07,18009.0
2023-11-08,18009.0
2023-11-09,18009.0
2023-11-10,18009.0
2023-11-11,18009.0
2023-11-12,18009.0
2023-11-13,18009.0
2023-11-14,18009.0
2023-11-15,18009.0
2023-11-16,18009.0
2023-11-17,18009.0
2023-11-18,18009.0
2023-11-19,18009.0
2023-11-20,18009.0
2023-11-21,18009.0
2023-11-22,18009.0
2023-11-23,18009.0
2023-11-24,18009.0
2023-11-25,18009.0
2023-11-26,18009.0
2023-11-27,18009.0
2023-11-28,18009.0
2023-11-29,18009.0
2023-11-30,18009.0
2023-12-01,18012.3
2023-12-02,18012.3
2023-12-03,18012.3
2023-12-04,18012.3
2023-12-05,18012.3
2023-12-06,18012.3
2023-12-07,18012.3
2023-12-08,18012.3
2023-12-09,18012.3
2023-12-10,18012.3
2023-12-11,18012.3
2023-12-12,18012.3
2023-12-13,18012.3
2023-12-14,18012.3
2023-12-15,18012.3
2023-12-16,18012.3
2023-12-17,18012.3
2023-12-18,18012.3
2023-12-19,18012.3
2023-12-20,18012.3
2023-12-21,18012.3
2023-12-22,18012.3
2023-12-23,18012.3
2023-12-24,18012.3
2023-12-25,18012.3
2023-12-26,18012.3
2023-12-27,18012.3
2023-12-28,18012.3
2023-12-29,18012.3
2023-12-30,18012.3
2023-12-31,18012.3
2024-01-01,17977.0
2024-01-02,17977.0
2024-01-03,17977.0
2024-01-04,17977.0
2024-01-05,17977.0
2024-01-06,17977.0
2024-01-07,17977.0
2024-01-08,17977.0
2024-01-09,17977.0
2024-01-10,17977.0
2024-01-11,17977.0
2024-01-12,17977.0
2024-01-13,17977.0
2024-01-14,17977.0
2024-01-15,17977.0
2024-01-16,17977.0
2024-01-17,17977.0
2024-01-18,17977.0
2024-01-19,17977.0
2024-01-20,17977.0
2024-01-21,17977.0
2024-01-22,17977.0
2024-01-23,17977.0
2024-01-24,17977.0
2024-01-25,17977.0
2024-01-26,17977.0
2024-01-27,17977.0
2024-01-28,17977.0
2024-01-29,17977.0
2024-01-30,17977.0
2024-01-31,17977.0
2024-02-01,17935.2
2024-02-02,17935.2
2024-02-03,17935.2
2024-02-04,17935.2
2024-02-05,17935.2
2024-02-06,17935.2
2024-02-07,17935.2
2024-02-08,17935.2
2024-02-09,17935.2
2024-02-10,17935.2
2024-02-11,17935.2
2024-02-12,17935.2
2024-02-13,17935.2
2024-02-14,17935.2
2024-02-15,17935.2
2024-02-16,17935.2
2024-02-17,17935.2
2024-02-18,17935.2
2024-02-19,17935.2
2024-02-20,17935.2
2024-02-21,17935.2
2024-02-22,17935.2
2024-02-23,17935.2
2024-02-24,17935.2
2024-02-25,17935.2
2024-02-26,17935.2
2024-02-27,17935.2
2024-02-28,17935.2
2024-02-29,17935.2
2024-03-01,17998.2
2024-03-02,17998.2
2024-03-03,17998.2
2024-03-04,17998.2
2024-03-05,17998.2
2024-03-06,17998.2
2024-03-07,17998.2
2024-03-08,17998.2
2024-03-09,17998.2
2024-03-10,17998.2
2024-03-11,17998.2
2024-03-12,17998.2
2024-03-13,17998.2
2024-03-14,17998.2
2024-03-15,17998.2
2024-03-16,17998.2
2024-03-17,17998.2
2024-03-18,17998.2
2024-03-19,17998.2
2024-03-20,17998.2
2024-03-21,17998.2
2024-03-22,17998.2
2024-03-23,17998.2
2024-03-24,17998.2
2024-03-25,17998.2
2024-03-26,17998.2
2024-03-27,17998.2
2024-03-28,17998.2
2024-03-29,17998.2
2024-03-30,17998.2
2024-03-31,17998.2
2024-04-01,17990.0
2024-04-02,17990.0
2024-04-03,17990.0
2024-04-04,17990.0
2024-04-05,17990.0
2024-04-06,17990.0
2024-04-07,17990.0
2024-04-08,17990.0
2024-04-09,17990.0
2024-04-10,17990.0
2024-04-11,17990.0
2024-04-12,17990.0
2024-04-13,17990.0
2024-04-14,17990.0
2024-04-15,17990.0
2024-04-16,17990.0
2024-04-17,17990.0
2024-04-18,17990.0
2024-04-19,17990.0
2024-04-20,17990.0
2024-04-21,17990.0
2024-04-22,17990.0
2024-04-23,17990.0
2024-04-24,17990.0
2024-04-25,17990.0
2024-04-26,17990.0
2024-04-27,17990.0
2024-04-28,17990.0
2024-04-29,17990.0
2024-04-30,17990.0
2024-05-01,18036.4
2024-05-02,18036.4
2024-05-03,18036.4
2024-05-04,18036.4
2024-05-05,18036.4
2024-05-06,18036.4
2024-05-07,18036.4
2024-05-08,18036.4
2024-05-09,18036.4
2024-05-10,18036.4
2024-05-11,18036.4
2024-05-12,18036.4
2024-05-13,18036.4
2024-05-14,18036.4
2024-05-15,18036.4
2024-05-16,18036.4
2024-05-17,18036.4
2024-05-18,18036.4
2024-05-19,18036.4
2024-05-20,18036.4
2024-05-21,18036.4
2024-05-22,18036.4
2024-05-23,18036.4
2024-05-24,18036.4
2024-05-25,18036.4
2024-05-26,18036.4
2024-05-27,18036.4
2024-05-28,18036.4
2024-05-29,18036.4
2024-05-30,18036.4
2024-05-31,18036.4
