id,talent_id,company_id,interview_date,interview_time,interview_type,status,notes
68,931,21,2024-08-14,04:09:44,Technical,Completed,Level experience this quite fly.
32,630,24,2024-07-17,04:12:26,HR,Scheduled,Letter explain time east through cell.
69,191,51,2024-01-06,09:09:44,HR,Scheduled,Their clear pick phone population when agree.
96,607,51,2024-08-13,12:46:58,HR,Completed,Effect determine apply form us story the technology.
87,630,44,2024-07-04,21:53:31,HR,Completed,Step thousand same friend support course.
95,768,29,2024-02-29,08:34:56,HR,Scheduled,Reflect begin car evening seven ready.
56,856,44,2024-04-09,18:02:46,Technical,Offered,Far bad strategy three miss require.
94,160,68,2024-08-16,23:56:02,Technical,Completed,Spend fall despite talk help seven design long.
71,618,77,2024-05-03,02:07:14,HR,Offered,Everyone his fast into feel.
53,182,66,2024-08-19,13:49:31,Technical,Offered,Even officer because toward result financial including.
59,618,92,2024-08-01,09:32:25,Behavioral,Completed,Car include live entire loss.
72,434,21,2024-03-30,06:15:13,Behavioral,Scheduled,Mrs course hit article oil space.
86,602,5,2024-07-25,14:05:51,Technical,Completed,Understand perhaps current think than movie society statement.
80,931,70,2024-04-28,02:24:21,Technical,Rejected,Example rise leave base activity skin drop.
46,421,75,2024-03-24,14:41:19,HR,Rejected,Great wind outside I authority.
25,856,44,2024-08-10,23:49:31,HR,Rejected,Summer yourself tree appear describe positive board her.
16,862,45,2024-06-08,20:36:04,Behavioral,Scheduled,Coach it movement identify according.
24,233,63,2024-06-17,02:54:39,Behavioral,Completed,Present task need anything plan able.
26,182,41,2024-05-11,12:23:15,HR,Rejected,Whether audience water after expert billion.
63,155,44,2024-03-12,19:51:48,Technical,Offered,Management quickly return.
49,813,5,2024-08-01,08:57:36,Behavioral,Rejected,All join turn age lot.
41,341,21,2024-03-13,07:46:50,HR,Offered,Generation majority entire another to.
8,191,34,2024-07-29,23:36:37,Technical,Scheduled,Number people rich explain so.
55,768,24,2024-05-07,05:04:10,Technical,Completed,Reality listen rich worry suddenly only rather.
9,931,21,2024-06-10,11:39:46,HR,Rejected,Woman hope matter vote new however.
4,660,66,2024-01-28,11:02:04,Behavioral,Rejected,Girl ground wind year rather information.
73,180,75,2024-06-12,05:43:27,Technical,Offered,Store who rule with end.
30,468,41,2024-01-29,22:47:52,Behavioral,Rejected,Forget new room political serve.
100,421,44,2024-07-15,23:18:57,Behavioral,Offered,Knowledge international close door.
75,249,34,2024-01-25,07:51:20,Behavioral,Scheduled,Tax home live American story.
98,447,24,2024-07-30,06:53:15,Technical,Rejected,Hope family do rich finally decision yet.
50,660,34,2024-02-27,03:21:13,HR,Rejected,Tax modern spring week age if really similar.
18,602,77,2024-03-08,09:23:17,Behavioral,Completed,Need organization help rise within current name.
7,198,45,2024-01-12,20:54:35,Behavioral,Rejected,Discuss as seven.
58,508,44,2024-04-05,20:29:30,Technical,Offered,Chance candidate staff thus magazine way race moment.
33,147,66,2024-03-12,21:42:07,Technical,Completed,Military player business health.
5,180,68,2024-04-14,22:12:10,HR,Completed,Table population Democrat.
54,617,51,2024-06-25,12:04:36,Behavioral,Completed,Far memory one main.
70,147,29,2024-01-14,19:20:20,Behavioral,Rejected,Woman before low change hard cold.
39,928,34,2024-02-01,17:56:32,Behavioral,Rejected,Notice pressure available individual let finish page describe.
93,35,51,2024-04-04,05:31:58,Behavioral,Scheduled,Here hard least eight boy matter.
17,198,29,2024-04-11,02:43:11,Behavioral,Offered,American left center arm ago woman.
74,790,51,2024-05-14,04:23:47,HR,Offered,Likely share improve parent same player any professor.
57,198,72,2024-06-08,00:18:54,Behavioral,Rejected,House although yes seem main speak strong nation.
1,587,67,2024-05-22,06:26:29,Technical,Offered,Here same smile main.
89,421,63,2024-04-19,07:35:08,Technical,Offered,Defense star economy story city evening.
11,443,77,2024-08-12,18:27:22,Behavioral,Scheduled,Or people budget service marriage color.
23,175,77,2024-08-23,05:01:32,Behavioral,Offered,Manage name center quite feel forward anyone.
15,421,34,2024-04-19,22:06:47,HR,Scheduled,Character region risk cost half sing establish.
42,813,70,2024-01-22,12:30:57,HR,Offered,Media seem party organization section service show center.